|||Sütunlar||||||||||||||||||||||||||||||||||||||||||||||||||||||||||||
Satırlar|||||||||||||||||||||||||||||||||||||||||||||||||||||||||||||||
|||||||||||||||||||||||||||||||||||||||||||||||||||||||||||||||
|||01.41.10.01.01. (Süt Sığırları, Canlı (Saf Kültür), 2 Ve Daha Yukarı Yaşta (İnek))|01.41.10.01.02. (Süt Sığırları, Canlı (Saf Kültür), 1 - 2 Yaş Arası Dişi (Düve))|01.41.10.02.01. (Süt Sığırları, Canlı (Kültür Melezi), 2 Ve Daha Yukarı Yaşta (İnek))|01.41.10.02.02. (Süt Sığırları, Canlı (Kültür Melezi), 1 - 2 Yaş Arası Dişi (Düve))|01.41.10.03.01. (Süt Sığırları, Canlı (Yerli), 2 Ve Daha Yukarı Yaşta (İnek))|01.41.10.03.02. (Süt Sığırları, Canlı (Yerli), 1 - 2 Yaş Arası Dişi (Düve))|01.41.10.04.01. (Süt Sığırları, Canlı (Manda), 2 Ve Daha Yukarı Yaşta (İnek))|01.41.10.04.02. (Süt Sığırları, Canlı (Manda), 1 - 2 Yaş Arası Dişi (Düve))|01.42.11.01.01. (Saf Kültür Sığırları, Canlı, 2 Ve Daha Yukarı Yaşta (Boğa))|01.42.11.01.02. (Saf Kültür Sığırları, Canlı, 2 Ve Daha Yukarı Yaşta (Öküz))|01.42.11.01.03. (Saf Kültür Sığırları, Canlı, 1 - 2 Yaş Arası Erkek (Tosun))|01.42.11.02.01. (Melez Sığırlar, Canlı, 2 Ve Daha Yukarı Yaşta (Boğa))|01.42.11.02.02. (Melez Sığırlar, Canlı, 2 Ve Daha Yukarı Yaşta (Öküz))|01.42.11.02.03. (Melez Sığırlar, Canlı, 1 - 2 Yaş Arası Erkek (Tosun))|01.42.11.03.01. (Yerlı Sığırlar, Canlı, 2 Ve Daha Yukarı Yaşta (Boğa))|01.42.11.03.02. (Yerlı Sığırlar, Canlı, 2 Ve Daha Yukarı Yaşta (Öküz))|01.42.11.03.03. (Yerlı Sığırlar, Canlı, 1 - 2 Yaş Arası Erkek (Tosun))|01.42.11.04.01. (Manda, Canlı, 2 Ve Daha Yukarı Yaşta (Boğa))|01.42.11.04.02. (Manda, Canlı, 2 Ve Daha Yukarı Yaşta (Öküz))|01.42.11.04.03. (Manda, Canlı, 1 - 2 Yaş Arası Erkek (Tosun))|01.42.12.01.01. (Buzağı Ve Dana, Canlı (Sığır Saf Kültür), 1 Yaşından Küçük Erkek)|01.42.12.01.02. (Buzağı Ve Dana, Canlı (Sığır Saf Kültür), 1 Yaşından Küçük Dişi)|01.42.12.02.01. (Buzağı Ve Dana, Canlı (Sığır Kültür Melezi), 1 Yaşından Küçük Erkek)|01.42.12.02.02. (Buzağı Ve Dana, Canlı (Sığır Kültür Melezi), 1 Yaşından Küçük Dişi)|01.42.12.03.01. (Buzağı Ve Dana, Canlı (Sığır Yerli), 1 Yaşından Küçük Erkek)|01.42.12.03.02. (Buzağı Ve Dana, Canlı (Sığır Yerli), 1 Yaşından Küçük Dişi)|01.42.12.04.01. (Manda Yavrusu, Canlı, 1 Yaşından Küçük Erkek)|01.42.12.04.02. (Manda Yavrusu, Canlı, 1 Yaşından Küçük Dişi)|01.43.10.01.01. (At, Canlı, 3 Yaşından Küçük (Dişi Ve Erkek) (Tay))|01.43.10.01.02. (At, Canlı, 3 Ve Daha Yukarı Yaşta (Kısrak))|01.43.10.01.03. (At, Canlı, 3 Ve Daha Yukarı Yaşta (İğdiş Ve At))|01.43.10.01.04. (At, Canlı, 3 Ve Daha Yukarı Yaşta (Damızlık) (Aygır))|01.43.10.02.01. (Katır, Canlı, 3 Yaşından Küçük (Dişi Ve Erkek))|01.43.10.02.02. (Katır, Canlı, 3 Ve Daha Yukarı Yaşta (Dişi Ve Erkek))|01.43.10.03.01. (Eşek, Canlı, 1 Yaşından Küçük (Dişi Ve Erkek))|01.43.10.03.02. (Eşek, Canlı, 1 Ve Daha Yukarı Yaşta (Dişi Ve Erkek))|01.44.10.00.01. (Deve Ve Devegiller, Canlı, 3 Yaşından Küçük (Dişi Ve Erkek))|01.44.10.00.03. (Deve Ve Devegiller, Canlı, 3 Ve Daha Yukarı Yaşta (Erkek))|01.45.11.01.01. (Koyun (Merinos), Canlı, 6 Aydan Küçük (Dişi Ve Erkek), Kuzu)|01.45.11.01.02. (Koyun (Merinos), Canlı, 6 - 12 Ay Arası (Dişi Ve Erkek), Toklu)|01.45.11.01.03. (Koyun (Merinos), Canlı, 12 - 24 Ay Arası (Dişi Ve Erkek), Şişek)|01.45.11.01.04. (Koyun (Merinos), Canlı, 2 Ve Daha Yukarı Yaşta (Dişi Koyun))|01.45.11.01.05. (Koyun (Merinos), Canlı, 2 Ve Daha Yukarı Yaşta (Koç))|01.45.11.02.01. (Koyun (Yerli Ve Diğerleri), Canlı, 6 Aydan Küçük (Dişi Ve Erkek), Kuzu)|01.45.11.02.02. (Koyun (Yerli Ve Diğerleri), Canlı, 6 - 12 Ay Arası (Dişi Ve Erkek), Toklu)|01.45.11.02.03. (Koyun (Yerli Ve Diğerleri), Canlı, 12 - 24 Ay Arası (Dişi Ve Erkek), Şişek)|01.45.11.02.04. (Koyun (Yerli Ve Diğerleri), Canlı, 2 Ve Daha Yukarı Yaşta, Dişi Koyun)|01.45.11.02.05. (Koyun (Yerli Ve Diğerleri), Canlı, 2 Ve Daha Yukarı Yaşta, Koç)|01.45.12.01.01. (Keçi (Tiftik), Canlı, 6 Aydan Küçük (Dişi Ve Erkek), Oğlak)|01.45.12.01.02. (Keçi (Tiftik), Canlı, 6 - 12 Ay Arası (Dişi Ve Erkek), Çebiç)|01.45.12.01.03. (Keçi (Tiftik), Canlı, 12 - 24 Ay Arası (Dişi Ve Erkek), Gezdan)|01.45.12.01.04. (Keçi (Tiftik), Canlı, 2 Ve Daha Yukarı Yaşta, Dişi Keçi)|01.45.12.01.05. (Keçi (Tiftik), Canlı, 2 Ve Daha Yukarı Yaşta, Teke)|01.45.12.02.01. (Keçi (Kıl Keçisi Ve Diğerleri), Canlı, 6 Aydan Küçük (Dişi Ve Erkek), Oğlak)|01.45.12.02.02. (Keçi (Kıl Keçisi Ve Diğerleri), Canlı, 6 - 12 Ay Arası (Dişi Ve Erkek), Çebiç)|01.45.12.02.03. (Keçi (Kıl Keçisi Ve Diğerleri), Canlı, 12 - 24 Ay Arası (Dişi Ve Erkek), Gezdan)|01.45.12.02.04. (Keçi (Kıl Keçisi Ve Diğerleri), Canlı, 2 Ve Daha Yukarı Yaşta, Dişi Keçi)|01.45.12.02.05. (Keçi (Kıl Keçisi Ve Diğerleri), Canlı, 2 Ve Daha Yukarı Yaşta, Teke)|01.46.10.00.01. (Domuz, Canlı, 1 Yaşından Küçük (Dişi Ve Erkek))|01.46.10.00.02. (Domuz, Canlı, 1 Ve Daha Yukarı Yaşta (Dişi Ve Erkek))|
Canlı Hayvan Sayısı (Baş)|Konya(Ahırlı)-1868|2015|2690.0|1050.0|330.0|70.0|100.0|60.0|||146.0|0.0|562.0|40.0|0.0|60.0|30.0|0.0|30.0||||800.0|900.0|87.0|70.0|110.0|60.0|||||||||24.0|85.0||||||||545.0|610.0|600.0|670.0|40.0||||||410.0|620.0|700.0|1200.0|150.0|||
||2016|3011.0|681.0|323.0|91.0|87.0|42.0|||241.0|0.0|690.0|27.0|0.0|98.0|14.0|0.0|14.0||||677.0|763.0|84.0|72.0|38.0|18.0|||||||||17.0|84.0|||0.0|114.0|198.0|32.0|8.0|117.0|2530.0|1320.0|877.0|53.0||||||130.0|3550.0|3320.0|1920.0|400.0|||
||2017|3002.0|708.0|325.0|96.0|85.0|40.0|||247.0|0.0|698.0|28.0|0.0|105.0|13.0|0.0|16.0||||670.0|752.0|80.0|70.0|35.0|15.0|||||||||8.0|72.0|||0.0|225.0|395.0|64.0|17.0|231.0|5009.0|2618.0|1736.0|105.0||||||113.0|3130.0|2924.0|1683.0|350.0|||
||2018|2990.0|701.0|648.0|160.0|83.0|42.0|||239.0|0.0|693.0|50.0|0.0|120.0|10.0|0.0|14.0||||658.0|742.0|100.0|102.0|36.0|17.0|||||||||6.0|65.0|||745.0|1020.0|1872.0|270.0|93.0|190.0|4117.0|2152.0|1453.0|88.0||||||120.0|3018.0|2896.0|1653.0|313.0|||
||2019|2843.0|670.0|612.0|151.0|81.0|41.0|||203.0|0.0|652.0|43.0|0.0|113.0|9.0|0.0|13.0||||632.0|701.0|93.0|94.0|32.0|15.0|||||||||2.0|8.0|||1842.0|2482.0|4560.0|655.0|232.0|706.0|7223.0|5981.0|3129.0|190.0||||||294.0|4377.0|4017.0|2289.0|380.0|||
||2020|2855.0|673.0|766.0|188.0|10.0|6.0|0.0|0.0|203.0|0.0|655.0|55.0|0.0|141.0|2.0|0.0|2.0|0.0|0.0|0.0|635.0|704.0|117.0|118.0|4.0|3.0|0.0|0.0|0.0|0.0|0.0|0.0|0.0|0.0|0.0|10.0|0.0|0.0|1030.0|1390.0|2560.0|367.0|130.0|900.0|8300.0|6636.0|3990.0|242.0|0.0|0.0|0.0|0.0|0.0|340.0|4645.0|4669.0|2660.0|443.0|0.0|0.0|
||2021|2934.0|728.0|828.0|215.0|15.0|10.0|0.0|0.0|245.0|0.0|713.0|75.0|0.0|216.0|5.0|0.0|6.0|0.0|0.0|0.0|650.0|735.0|158.0|145.0|8.0|7.0|0.0|0.0|0.0|0.0|0.0|0.0|0.0|0.0|0.0|9.0|||710.0|1070.0|2000.0|350.0|100.0|850.0|7765.0|6300.0|3000.0|200.0|0.0|0.0|0.0|0.0|0.0|300.0|4300.0|4300.0|2200.0|435.0|||
|Konya(Akören)-1753|2015|2244.0|680.0|350.0|108.0|80.0|15.0|||233.0|0.0|468.0|40.0|0.0|101.0|8.0|0.0|5.0||||497.0|516.0|95.0|100.0|3.0|4.0|||4.0|20.0|3.0|0.0|0.0|4.0|40.0|130.0||||||||0.0|1800.0|2500.0|8300.0|350.0||||||0.0|4500.0|1750.0|2000.0|400.0|||
||2016|2250.0|700.0|360.0|98.0|78.0|14.0|||220.0|0.0|470.0|35.0|0.0|102.0|7.0|0.0|6.0||||500.0|510.0|85.0|115.0|3.0|4.0|||5.0|15.0|2.0|0.0|0.0|1.0|20.0|120.0||||||||0.0|2100.0|2600.0|8800.0|370.0||||||0.0|3800.0|2000.0|2100.0|380.0|||
||2017|2493.0|562.0|432.0|221.0|38.0|9.0|||251.0|0.0|509.0|63.0|0.0|181.0|5.0|0.0|5.0||||646.0|597.0|132.0|134.0|1.0|1.0|||6.0|20.0|4.0|0.0|0.0|1.0|15.0|130.0||||||||0.0|2280.0|4117.0|6389.0|173.0||||||0.0|1824.0|1288.0|1827.0|377.0|||
||2018|2664.0|662.0|636.0|179.0|57.0|5.0|||318.0|0.0|512.0|7.0|0.0|121.0|7.0|0.0|1.0||||679.0|654.0|176.0|109.0|1.0|3.0|||5.0|21.0|4.0|0.0|||10.0|135.0||||||||43.0|5395.0|2354.0|9902.0|175.0||||||79.0|1778.0|906.0|2237.0|464.0|||
||2019|2612.0|688.0|632.0|127.0|9.0|1.0|||316.0|0.0|570.0|80.0|0.0|151.0|1.0|0.0|0.0||||524.0|536.0|346.0|281.0|3.0|1.0|||3.0|20.0|3.0|0.0|||9.0|111.0||||||||56.0|3836.0|5596.0|8811.0|180.0||||||15.0|810.0|986.0|2223.0|317.0|||
||2020|2771.0|570.0|652.0|216.0|13.0|1.0|0.0|0.0|439.0|0.0|495.0|139.0|0.0|240.0|1.0|0.0|2.0|0.0|0.0|0.0|422.0|444.0|324.0|286.0|1.0|1.0|0.0|0.0|1.0|8.0|0.0|0.0|0.0|0.0|2.0|80.0|0.0|0.0|0.0|0.0|0.0|0.0|0.0|56.0|3010.0|4096.0|8994.0|200.0|0.0|0.0|0.0|0.0|0.0|15.0|600.0|943.0|2133.0|320.0|0.0|0.0|
||2021|2621.0|440.0|673.0|311.0|2.0|0.0|0.0|0.0|277.0|0.0|355.0|152.0|0.0|210.0|1.0|0.0|0.0|0.0|0.0|0.0|442.0|491.0|281.0|277.0|1.0|0.0|0.0|0.0|1.0|8.0|0.0|0.0|0.0|0.0|1.0|78.0|||0.0|0.0|0.0|0.0|0.0|75.0|3925.0|4038.0|12944.0|237.0|0.0|0.0|0.0|0.0|0.0|0.0|1364.0|865.0|2088.0|121.0|||
|Konya(Akşehir)-1122|2015|4450.0|3872.0|1320.0|1290.0|652.0|604.0|||142.0|0.0|2600.0|154.0|0.0|760.0|19.0|0.0|137.0||||2700.0|3486.0|1086.0|1420.0|126.0|132.0|||9.0|10.0|15.0|1.0|4.0|8.0|9.0|41.0|||980.0|470.0|385.0|1250.0|450.0|3285.0|3360.0|1890.0|7350.0|1780.0||||||300.0|630.0|310.0|680.0|180.0|||
||2016|4350.0|5685.0|1140.0|1664.0|615.0|950.0|||113.0|0.0|2590.0|144.0|0.0|660.0|9.0|0.0|96.0||||2945.0|3707.0|1077.0|1405.0|97.0|103.0|||7.0|6.0|8.0|1.0|4.0|3.0|6.0|18.0|||3100.0|247.0|370.0|1000.0|410.0|3349.0|2400.0|1860.0|7870.0|1694.0||||||325.0|511.0|305.0|835.0|124.0|||
||2017|11133.0|4185.0|2873.0|1309.0|179.0|67.0|||368.0|0.0|2873.0|115.0|0.0|1309.0|6.0|179.0|46.0||||3844.0|3737.0|1202.0|1168.0|62.0|60.0|||6.0|8.0|7.0|1.0|3.0|4.0|2.0|24.0|||62.0|1565.0|1622.0|4620.0|160.0|86.0|3709.0|3785.0|11180.0|370.0||||||0.0|218.0|680.0|1959.0|110.0|||
||2018|11625.0|4447.0|2632.0|1665.0|76.0|48.0|||242.0|0.0|3213.0|128.0|0.0|1628.0|7.0|54.0|35.0||||3252.0|3361.0|1075.0|1042.0|34.0|41.0|||7.0|9.0|8.0|2.0|4.0|5.0|8.0|26.0|||84.0|1165.0|1297.0|3574.0|180.0|291.0|4847.0|4712.0|11852.0|498.0||||||0.0|128.0|641.0|1769.0|112.0|||
||2019|11170.0|3947.0|2431.0|1365.0|61.0|44.0|||197.0|0.0|2713.0|229.0|0.0|1328.0|9.0|42.0|32.0||||2752.0|2861.0|875.0|942.0|18.0|34.0|||6.0|7.0|5.0|1.0|3.0|4.0|10.0|28.0|||124.0|784.0|898.0|2576.0|181.0|792.0|6347.0|5312.0|12151.0|835.0||||||30.0|132.0|648.0|1774.0|116.0|||
||2020|11176.0|4124.0|2150.0|1648.0|82.0|49.0|0.0|0.0|185.0|0.0|3299.0|102.0|0.0|1666.0|6.0|48.0|37.0|0.0|0.0|0.0|2161.0|3214.0|784.0|875.0|28.0|35.0|0.0|0.0|5.0|7.0|4.0|1.0|2.0|5.0|8.0|24.0|0.0|0.0|141.0|2088.0|2397.0|5253.0|348.0|778.0|12854.0|12784.0|25018.0|805.0|0.0|0.0|0.0|0.0|0.0|275.0|1314.0|771.0|2734.0|208.0|0.0|0.0|
||2021|10750.0|4018.0|1945.0|1722.0|70.0|35.0|0.0|0.0|180.0|0.0|3420.0|98.0|0.0|1651.0|5.0|10.0|30.0|0.0|0.0|0.0|2150.0|2990.0|770.0|902.0|25.0|29.0|0.0|0.0|5.0|8.0|3.0|1.0|3.0|6.0|9.0|26.0|||130.0|2477.0|2788.0|4875.0|333.0|751.0|13032.0|13975.0|25370.0|802.0|0.0|0.0|0.0|0.0|0.0|255.0|1774.0|751.0|2488.0|199.0|||
|Konya(Altınekin)-1760|2015|565.0|1900.0|5000.0|1260.0|22.0|9.0|||38.0|0.0|130.0|95.0|0.0|1200.0|4.0|0.0|11.0||||155.0|470.0|600.0|650.0|8.0|13.0|||0.0|0.0|11.0|0.0|||10.0|80.0|||0.0|0.0|0.0|6500.0|210.0|800.0|9000.0|8000.0|38000.0|750.0||||||0.0|270.0|55.0|700.0|80.0|||
||2016|965.0|1500.0|5000.0|1200.0|22.0|9.0|||38.0|0.0|200.0|94.0|0.0|1000.0|4.0|0.0|11.0||||300.0|500.0|600.0|650.0|0.0|0.0|||1.0|0.0|0.0|11.0|||15.0|90.0|||0.0|0.0|0.0|3416.0|210.0|1000.0|8000.0|9800.0|32864.0|1200.0||||||50.0|100.0|355.0|1000.0|80.0|||
||2017|1700.0|700.0|4000.0|920.0|6.0|5.0|||30.0|0.0|800.0|170.0|0.0|710.0|5.0|0.0|14.0||||800.0|700.0|1000.0|940.0|0.0|0.0|||0.0|0.0|0.0|12.0|||5.0|100.0|||0.0|0.0|500.0|4500.0|130.0|22.0|5900.0|12668.0|30405.0|900.0||||||0.0|132.0|473.0|748.0|22.0|||
||2018|2200.0|700.0|4200.0|1000.0|5.0|1.0|||75.0|0.0|800.0|200.0|0.0|905.0|0.0|0.0|6.0||||600.0|650.0|1250.0|920.0|0.0|0.0|||0.0|0.0|0.0|15.0|||10.0|110.0|||0.0|2500.0|2500.0|6000.0|200.0|8.0|2700.0|8500.0|38592.0|650.0||||||0.0|487.0|240.0|945.0|39.0|||
||2019|2548.0|800.0|3600.0|1062.0|5.0|0.0|||110.0|0.0|597.0|155.0|0.0|551.0|0.0|0.0|2.0||||988.0|998.0|1200.0|1175.0|0.0|0.0|||0.0|0.0|0.0|15.0|||15.0|112.0|||2031.0|10041.0|7245.0|19068.0|237.0|1600.0|6400.0|7000.0|21603.0|200.0||||||94.0|271.0|444.0|750.0|117.0|||
||2020|3673.0|1291.0|2507.0|440.0|7.0|3.0|0.0|0.0|178.0|0.0|713.0|235.0|0.0|677.0|0.0|0.0|3.0|0.0|0.0|0.0|1330.0|1303.0|803.0|402.0|1.0|1.0|0.0|0.0|10.0|0.0|0.0|0.0|0.0|0.0|5.0|65.0|0.0|0.0|2031.0|10969.0|13040.0|36244.0|430.0|1600.0|6692.0|8400.0|7600.0|250.0|0.0|0.0|0.0|0.0|0.0|94.0|322.0|422.0|885.0|72.0|0.0|0.0|
||2021|4613.0|1349.0|2272.0|664.0|4.0|0.0|0.0|0.0|371.0|0.0|1119.0|291.0|0.0|880.0|0.0|0.0|0.0|0.0|0.0|0.0|1403.0|1361.0|1103.0|671.0|0.0|0.0|0.0|0.0|0.0|0.0|0.0|0.0|0.0|0.0|0.0|80.0|||29.0|5529.0|18337.0|36269.0|526.0|12.0|4268.0|15384.0|30890.0|283.0|0.0|0.0|0.0|0.0|0.0|10.0|0.0|470.0|1546.0|65.0|||
|Konya(Beyşehir)-1188|2015|6110.0|5559.0|2825.0|2650.0|1350.0|385.0|18.0|26.0|375.0|0.0|2625.0|813.0|9.0|2350.0|510.0|80.0|310.0|0.0|0.0|45.0|750.0|1250.0|970.0|950.0|195.0|325.0|5.0|8.0|15.0|20.0|34.0|0.0|||95.0|278.0||||||||0.0|4750.0|5950.0|5725.0|2000.0|0.0|65.0|80.0|25.0|10.0|0.0|4750.0|3400.0|4749.0|1621.0|||
||2016|6990.0|5250.0|2700.0|2641.0|1160.0|335.0|61.0|16.0|280.0|0.0|2525.0|380.0|13.0|2325.0|402.0|68.0|268.0|0.0|0.0|9.0|1150.0|1580.0|930.0|950.0|230.0|253.0|18.0|19.0|13.0|16.0|33.0|0.0|||88.0|254.0||||||||1800.0|3980.0|4745.0|7350.0|850.0|0.0|36.0|45.0|65.0|7.0|860.0|2800.0|2200.0|8450.0|610.0|||
||2017|7452.0|6253.0|3050.0|2965.0|1225.0|533.0|117.0|46.0|285.0|0.0|2825.0|385.0|14.0|2645.0|351.0|70.0|457.0|3.0|0.0|31.0|1450.0|1750.0|985.0|1015.0|260.0|292.0|20.0|21.0|11.0|15.0|30.0|0.0|||60.0|250.0|||0.0|55.0|102.0|68.0|27.0|1700.0|4180.0|4850.0|7400.0|875.0|0.0|20.0|33.0|40.0|7.0|381.0|2600.0|2400.0|8400.0|660.0|||
||2018|7580.0|6330.0|2915.0|2850.0|1355.0|560.0|175.0|90.0|290.0|0.0|2960.0|380.0|15.0|2550.0|360.0|65.0|510.0|5.0|0.0|65.0|1520.0|1780.0|725.0|795.0|260.0|310.0|30.0|35.0|5.0|10.0|30.0|0.0|0.0|5.0|70.0|300.0|||0.0|45.0|90.0|50.0|15.0|350.0|3500.0|4050.0|6950.0|750.0|0.0|19.0|30.0|44.0|7.0|350.0|3400.0|3500.0|9400.0|750.0|||
||2019|8193.0|7235.0|3435.0|3275.0|1610.0|728.0|177.0|87.0|350.0|0.0|3922.0|485.0|20.0|2965.0|320.0|66.0|691.0|6.0|0.0|70.0|2020.0|2280.0|875.0|945.0|270.0|315.0|20.0|40.0|4.0|11.0|29.0|0.0|0.0|4.0|65.0|310.0|||0.0|40.0|91.0|54.0|15.0|900.0|5250.0|5900.0|8950.0|1500.0|0.0|18.0|31.0|43.0|8.0|450.0|4550.0|4700.0|10400.0|1200.0|||
||2020|9547.0|8477.0|2541.0|2061.0|1504.0|690.0|190.0|92.0|364.0|0.0|3936.0|462.0|15.0|2951.0|308.0|56.0|593.0|7.0|0.0|67.0|2609.0|2545.0|767.0|792.0|262.0|318.0|17.0|36.0|3.0|9.0|18.0|0.0|0.0|0.0|60.0|200.0|0.0|0.0|25.0|58.0|115.0|75.0|21.0|1543.0|7765.0|7868.0|10097.0|1975.0|10.0|21.0|35.0|47.0|9.0|350.0|5351.0|4507.0|9858.0|1205.0|0.0|0.0|
||2021|9670.0|8655.0|2750.0|2213.0|1545.0|720.0|145.0|60.0|345.0|0.0|4473.0|451.0|14.0|3046.0|305.0|55.0|630.0|8.0|0.0|45.0|2655.0|2653.0|790.0|840.0|280.0|328.0|12.0|15.0|4.0|8.0|17.0|0.0|0.0|0.0|5.0|50.0|||28.0|65.0|135.0|95.0|25.0|1670.0|9243.0|8020.0|10438.0|2035.0|11.0|24.0|36.0|55.0|12.0|360.0|5657.0|4855.0|9903.0|1310.0|||
|Konya(Bozkır)-1207|2015|1970.0|757.0|1914.0|1178.0|45.0|49.0|||122.0|0.0|470.0|159.0|0.0|930.0|9.0|0.0|20.0||||825.0|1037.0|560.0|475.0|42.0|38.0|||8.0|23.0|30.0|5.0|7.0|138.0|85.0|175.0||||||||525.0|1300.0|1160.0|11655.0|560.0||||||1833.0|1380.0|1035.0|12505.0|647.0|||
||2016|2102.0|883.0|1987.0|1197.0|50.0|53.0|||144.0|0.0|464.0|137.0|0.0|1036.0|8.0|0.0|19.0||||726.0|977.0|467.0|484.0|40.0|46.0|||7.0|22.0|28.0|4.0|8.0|123.0|75.0|160.0||||||||468.0|1192.0|1040.0|10560.0|540.0||||||1854.0|1397.0|1048.0|12646.0|655.0|||
||2017|4402.0|1031.0|690.0|614.0|38.0|45.0|||347.0|0.0|721.0|114.0|0.0|386.0|2.0|0.0|15.0||||1381.0|1451.0|362.0|383.0|38.0|40.0|||5.0|21.0|26.0|3.0|6.0|113.0|69.0|149.0||||||||445.0|1064.0|983.0|9598.0|510.0||||||1782.0|1310.0|1040.0|11484.0|584.0|||
||2018|4329.0|1037.0|689.0|570.0|39.0|47.0|0.0|4.0|275.0|0.0|675.0|97.0|0.0|356.0|1.0|0.0|13.0|0.0|0.0|1.0|1293.0|1400.0|353.0|354.0|35.0|37.0|0.0|0.0|4.0|20.0|24.0|2.0|5.0|114.0|64.0|136.0||||||||432.0|1030.0|988.0|8951.0|399.0||||||1850.0|1396.0|1814.0|13128.0|612.0|||
||2019|4152.0|1048.0|693.0|580.0|27.0|28.0|4.0|0.0|265.0|0.0|625.0|95.0|0.0|327.0|2.0|0.0|8.0|1.0|0.0|0.0|1245.0|1363.0|345.0|349.0|13.0|11.0|0.0|0.0|5.0|16.0|21.0|1.0|4.0|105.0|60.0|128.0||||||||452.0|1010.0|1045.0|8208.0|385.0||||||2030.0|1510.0|1910.0|12490.0|560.0|||
||2020|4222.0|1077.0|711.0|598.0|25.0|26.0|4.0|0.0|242.0|0.0|694.0|86.0|0.0|335.0|1.0|0.0|7.0|1.0|0.0|0.0|1267.0|1379.0|351.0|355.0|11.0|11.0|0.0|0.0|1.0|7.0|2.0|0.0|1.0|8.0|3.0|266.0|0.0|0.0|0.0|0.0|0.0|0.0|0.0|540.0|1215.0|1235.0|9620.0|442.0|0.0|0.0|0.0|0.0|0.0|2141.0|1615.0|2050.0|14735.0|595.0|0.0|0.0|
||2021|3566.0|1009.0|891.0|563.0|24.0|20.0|4.0|0.0|193.0|0.0|626.0|69.0|0.0|306.0|3.0|0.0|6.0|1.0|0.0|0.0|1249.0|1276.0|333.0|342.0|10.0|9.0|0.0|0.0|0.0|6.0|3.0|0.0|0.0|9.0|0.0|265.0|||0.0|0.0|0.0|0.0|0.0|547.0|1165.0|1175.0|9017.0|415.0|0.0|0.0|0.0|0.0|0.0|1302.0|1008.0|1251.0|8784.0|336.0|||
|Konya(Çeltik)-1902|2015|1350.0|105.0|355.0|75.0|100.0|10.0|||205.0|0.0|755.0|200.0|0.0|350.0|0.0|0.0|55.0||||510.0|120.0|215.0|80.0|15.0|5.0|||6.0|4.0|2.0|3.0|||5.0|20.0|||3600.0|680.0|5100.0|8200.0|320.0|4500.0|300.0|5400.0|9250.0|520.0||||||150.0|34.0|756.0|548.0|312.0|||
||2016|1350.0|105.0|355.0|75.0|100.0|10.0|||190.0|0.0|500.0|180.0|0.0|250.0|0.0|0.0|50.0||||520.0|150.0|210.0|100.0|10.0|7.0|||6.0|4.0|2.0|3.0|||5.0|20.0|||3400.0|700.0|5100.0|8200.0|300.0|4300.0|500.0|5400.0|9250.0|500.0||||||150.0|50.0|800.0|600.0|200.0|||
||2017|1060.0|110.0|300.0|80.0|105.0|12.0|||200.0|0.0|440.0|150.0|0.0|200.0|0.0|0.0|48.0||||500.0|125.0|200.0|115.0|12.0|5.0|||1.0|1.0|0.0|0.0|||5.0|20.0|||3000.0|740.0|4250.0|6250.0|310.0|2100.0|1500.0|3600.0|6000.0|200.0||||||120.0|70.0|100.0|550.0|150.0|||
||2018|1100.0|100.0|315.0|81.0|||||15.0|0.0|385.0|7.0|0.0|210.0|||||||450.0|180.0|207.0|129.0|||||2.0|2.0|0.0|0.0|||9.0|22.0|||3170.0|760.0|4650.0|6750.0|305.0|2400.0|1700.0|4000.0|6650.0|240.0||||||448.0|280.0|225.0|780.0|50.0|||
||2019|450.0|48.0|400.0|40.0|||||14.0|0.0|52.0|6.0|0.0|120.0|||||||170.0|140.0|160.0|130.0|||||2.0|2.0|0.0|0.0|||12.0|30.0|||3250.0|780.0|4890.0|6970.0|350.0|2650.0|1800.0|4200.0|6950.0|270.0||||||421.0|250.0|198.0|712.0|14.0|||
||2020|564.0|47.0|311.0|38.0|0.0|0.0|0.0|0.0|53.0|0.0|93.0|5.0|0.0|111.0|0.0|0.0|0.0|0.0|0.0|0.0|194.0|142.0|104.0|101.0|0.0|0.0|0.0|0.0|2.0|2.0|0.0|0.0|0.0|0.0|17.0|35.0|0.0|0.0|3900.0|1150.0|5700.0|7759.0|450.0|3100.0|2150.0|4600.0|7600.0|350.0|0.0|0.0|0.0|0.0|0.0|650.0|400.0|300.0|800.0|20.0|0.0|0.0|
||2021|581.0|100.0|400.0|70.0|37.0|36.0|0.0|0.0|51.0|0.0|103.0|7.0|0.0|98.0|2.0|0.0|5.0|0.0|0.0|0.0|196.0|188.0|130.0|130.0|11.0|11.0|0.0|0.0|2.0|2.0|0.0|0.0|0.0|0.0|20.0|40.0|||4880.0|1945.0|4730.0|8360.0|530.0|4280.0|2300.0|2660.0|7900.0|352.0|0.0|0.0|0.0|0.0|0.0|400.0|280.0|144.0|378.0|13.0|||
|Konya(Cihanbeyli)-1222|2015|5250.0|1702.0|8850.0|2200.0|610.0|180.0|||100.0|0.0|1820.0|1650.0|0.0|1980.0|70.0|0.0|200.0||||2180.0|1520.0|3450.0|2380.0|412.0|261.0|||4.0|10.0|0.0|3.0|||45.0|255.0|||95.0|1455.0|1620.0|1950.0|80.0|3000.0|15000.0|30000.0|115000.0|11200.0||||||700.0|531.0|2935.0|3500.0|510.0|||
||2016|7050.0|1775.0|8500.0|2050.0|600.0|175.0|||110.0|0.0|1850.0|1400.0|0.0|2000.0|60.0|0.0|190.0||||2200.0|1600.0|3200.0|2300.0|415.0|250.0|||5.0|11.0|0.0|3.0|||44.0|240.0|||100.0|1500.0|1650.0|2000.0|82.0|5000.0|16000.0|24750.0|105000.0|10000.0||||||720.0|550.0|2950.0|3350.0|490.0|||
||2017|8000.0|2100.0|10150.0|2400.0|595.0|170.0|||120.0|0.0|2200.0|1450.0|0.0|2500.0|50.0|0.0|175.0||||2500.0|2000.0|3650.0|2850.0|410.0|245.0|||6.0|12.0|0.0|4.0|||40.0|230.0|||100.0|1450.0|1500.0|1900.0|80.0|5050.0|14000.0|22500.0|102000.0|10500.0||||||650.0|560.0|2880.0|3250.0|470.0|||
||2018|8400.0|2250.0|10200.0|2350.0|610.0|180.0|||135.0|0.0|2350.0|1430.0|0.0|2450.0|55.0|0.0|185.0||||2630.0|2130.0|3600.0|2800.0|420.0|255.0|||8.0|14.0|0.0|5.0|||43.0|235.0|||120.0|1460.0|1490.0|1910.0|85.0|5200.0|13800.0|22000.0|101500.0|10750.0||||||600.0|520.0|2600.0|3190.0|450.0|||
||2019|8450.0|2300.0|10000.0|2400.0|570.0|170.0|||140.0|0.0|2400.0|1350.0|0.0|2500.0|50.0|0.0|180.0||||2650.0|2200.0|3500.0|2750.0|400.0|240.0|||9.0|15.0|0.0|6.0|||45.0|234.0|||150.0|1745.0|1500.0|1900.0|80.0|7500.0|19000.0|28000.0|115200.0|12100.0||||||670.0|590.0|2680.0|3250.0|445.0|||
||2020|14365.0|3790.0|4037.0|1281.0|550.0|167.0|0.0|0.0|339.0|0.0|3186.0|886.0|0.0|2077.0|53.0|0.0|177.0|0.0|0.0|0.0|3931.0|3916.0|2425.0|1294.0|387.0|234.0|0.0|0.0|11.0|17.0|0.0|8.0|0.0|0.0|45.0|195.0|0.0|0.0|165.0|1740.0|1520.0|1900.0|85.0|12000.0|24000.0|35000.0|127000.0|13935.0|0.0|0.0|0.0|0.0|0.0|670.0|600.0|2690.0|3250.0|450.0|0.0|0.0|
||2021|14500.0|4000.0|4250.0|1400.0|570.0|175.0|0.0|0.0|360.0|0.0|3300.0|895.0|0.0|2150.0|55.0|0.0|180.0|0.0|0.0|0.0|4350.0|4310.0|2650.0|1450.0|395.0|260.0|0.0|0.0|8.0|13.0|0.0|4.0|0.0|0.0|15.0|90.0|||366.0|1850.0|1630.0|2100.0|120.0|29500.0|30000.0|40000.0|133100.0|15000.0|0.0|0.0|0.0|0.0|0.0|700.0|620.0|2700.0|3400.0|460.0|||
|Konya(Çumra)-1262|2015|28000.0|7000.0|2025.0|625.0|485.0|245.0|18.0|3.0|2780.0|0.0|5800.0|135.0|0.0|435.0|148.0|0.0|195.0|0.0|0.0|4.0|6900.0|7100.0|370.0|408.0|170.0|225.0|1.0|12.0|18.0|32.0|5.0|0.0|28.0|33.0|55.0|310.0|||700.0|2300.0|1250.0|4900.0|430.0|3500.0|22000.0|1900.0|69000.0|3500.0||||||680.0|860.0|990.0|3800.0|320.0|||
||2016|30780.0|7250.0|2020.0|650.0|490.0|280.0|5.0|2.0|2900.0|0.0|7100.0|140.0|0.0|450.0|150.0|0.0|200.0|0.0|0.0|2.0|8100.0|7150.0|380.0|420.0|220.0|300.0|2.0|10.0|20.0|33.0|6.0|0.0|25.0|30.0|60.0|270.0|||630.0|2350.0|1300.0|5000.0|460.0|3000.0|21000.0|1950.0|64000.0|3550.0||||||600.0|750.0|1000.0|4000.0|330.0|||
||2017|36000.0|8200.0|3820.0|1600.0|500.0|250.0|7.0|3.0|3100.0|0.0|8000.0|150.0|0.0|650.0|125.0|0.0|180.0|0.0|0.0|3.0|9000.0|8000.0|550.0|675.0|200.0|360.0|1.0|7.0|15.0|41.0|15.0|0.0|15.0|35.0|50.0|250.0|||650.0|2500.0|2000.0|5500.0|500.0|12000.0|25400.0|3400.0|79000.0|4007.0|0.0|0.0|47.0|48.0|3.0|750.0|1400.0|1240.0|4780.0|420.0|||
||2018|37520.0|9000.0|4150.0|1650.0|480.0|200.0|9.0|2.0|3150.0|0.0|8400.0|159.0|0.0|5965.0|130.0|0.0|150.0|0.0|0.0|2.0|9400.0|8800.0|500.0|700.0|205.0|300.0|1.0|3.0|14.0|37.0|15.0|0.0|13.0|36.0|60.0|240.0|||600.0|2550.0|2100.0|5700.0|520.0|2154.0|18300.0|1986.0|99250.0|4600.0|0.0|0.0|8.0|5.0|0.0|340.0|300.0|1500.0|7140.0|753.0|||
||2019|32000.0|9000.0|4000.0|1500.0|360.0|135.0|15.0|1.0|3000.0|0.0|8000.0|140.0|0.0|5600.0|65.0|0.0|100.0|0.0|0.0|0.0|9000.0|8500.0|450.0|650.0|140.0|220.0|1.0|5.0|12.0|25.0|13.0|0.0|10.0|25.0|70.0|250.0|||1275.0|3000.0|3100.0|10050.0|850.0|2535.0|19000.0|2465.0|101100.0|4700.0|0.0|0.0|15.0|12.0|0.0|383.0|510.0|1530.0|8415.0|800.0|||
||2020|30429.0|9710.0|3884.0|1705.0|332.0|142.0|14.0|1.0|3022.0|0.0|8289.0|189.0|0.0|5779.0|81.0|0.0|123.0|0.0|0.0|0.0|9473.0|9616.0|512.0|739.0|189.0|303.0|1.0|6.0|12.0|25.0|13.0|0.0|9.0|24.0|75.0|255.0|0.0|0.0|1450.0|3650.0|3816.0|13800.0|950.0|6750.0|29900.0|3050.0|119918.0|6050.0|0.0|0.0|17.0|13.0|0.0|350.0|810.0|2200.0|10750.0|1025.0|0.0|0.0|
||2021|26750.0|8800.0|3420.0|1640.0|295.0|120.0|13.0|2.0|3420.0|0.0|7605.0|180.0|0.0|5250.0|70.0|0.0|105.0|0.0|0.0|0.0|8800.0|8695.0|460.0|675.0|165.0|250.0|0.0|4.0|18.0|26.0|12.0|0.0|9.0|20.0|72.0|250.0|||2550.0|2150.0|3450.0|13125.0|815.0|8500.0|24500.0|2600.0|107200.0|5550.0|25.0|20.0|20.0|15.0|0.0|325.0|730.0|2000.0|9685.0|890.0|||
|Konya(Derbent)-1907|2015|1462.0|423.0|280.0|102.0|30.0|30.0|||66.0|0.0|282.0|30.0|0.0|50.0|0.0|0.0|20.0||||468.0|469.0|92.0|95.0|8.0|10.0|||0.0|6.0|0.0|0.0|||34.0|173.0|||0.0|0.0|30.0|120.0|40.0|0.0|248.0|348.0|4003.0|45.0||||||0.0|263.0|334.0|697.0|1003.0|||
||2016|1639.0|416.0|158.0|111.0|6.0|5.0|||102.0|0.0|373.0|10.0|0.0|33.0|0.0|0.0|3.0||||472.0|461.0|103.0|114.0|3.0|5.0|||0.0|5.0|0.0|0.0|||33.0|172.0|||0.0|0.0|18.0|99.0|28.0|0.0|0.0|295.0|3904.0|38.0||||||0.0|0.0|253.0|593.0|0.0|||
||2017|1706.0|485.0|134.0|99.0|4.0|3.0|||89.0|0.0|372.0|5.0|0.0|15.0|0.0|0.0|2.0||||648.0|587.0|92.0|105.0|3.0|3.0|||0.0|3.0|0.0|0.0|||32.0|162.0|||0.0|0.0|8.0|74.0|8.0|0.0|719.0|1004.0|2101.0|15.0||||||0.0|434.0|574.0|856.0|30.0|||
||2018|1868.0|543.0|205.0|135.0|1.0|1.0|||128.0|0.0|413.0|15.0|0.0|79.0|0.0|0.0|1.0||||563.0|570.0|122.0|115.0|1.0|1.0|||0.0|4.0|0.0|0.0|||30.0|148.0|||0.0|105.0|30.0|108.0|9.0|0.0|570.0|1191.0|1775.0|15.0||||||0.0|316.0|579.0|643.0|5.0|||
||2019|1851.0|557.0|267.0|160.0|1.0|1.0|||83.0|0.0|365.0|20.0|0.0|78.0|0.0|0.0|1.0||||563.0|616.0|150.0|145.0|1.0|1.0|||0.0|3.0|0.0|0.0|||25.0|140.0|||0.0|35.0|19.0|49.0|4.0|87.0|1108.0|854.0|2755.0|105.0||||||0.0|340.0|440.0|910.0|17.0|||
||2020|1906.0|517.0|227.0|149.0|1.0|1.0|0.0|0.0|173.0|0.0|548.0|25.0|0.0|115.0|0.0|0.0|1.0|0.0|0.0|0.0|570.0|514.0|93.0|115.0|1.0|1.0|0.0|0.0|0.0|0.0|0.0|0.0|0.0|0.0|0.0|0.0|0.0|0.0|0.0|35.0|19.0|48.0|6.0|1000.0|750.0|1999.0|2355.0|50.0|0.0|0.0|0.0|0.0|0.0|0.0|735.0|505.0|246.0|17.0|0.0|0.0|
||2021|1965.0|497.0|202.0|142.0|1.0|1.0|0.0|0.0|113.0|0.0|384.0|12.0|0.0|83.0|0.0|0.0|1.0|0.0|0.0|0.0|602.0|581.0|128.0|160.0|1.0|1.0|0.0|0.0|0.0|0.0|0.0|0.0|0.0|0.0|0.0|0.0|||0.0|65.0|210.0|556.0|25.0|0.0|1149.0|2097.0|3732.0|65.0|0.0|0.0|0.0|0.0|0.0|0.0|520.0|536.0|333.0|10.0|||
|Konya(Derebucak)-1789|2015|345.0|75.0|115.0|75.0|40.0|22.0|||32.0|0.0|75.0|20.0|0.0|80.0|15.0|0.0|38.0||||85.0|75.0|75.0|75.0|25.0|28.0|||||||||40.0|120.0||||||||0.0|350.0|900.0|1700.0|130.0||||||0.0|3500.0|2450.0|6850.0|180.0|||
||2016|330.0|70.0|110.0|70.0|37.0|26.0|||24.0|0.0|65.0|18.0|0.0|82.0|12.0|0.0|25.0||||70.0|70.0|65.0|70.0|20.0|24.0|||||||||50.0|115.0||||||||0.0|345.0|730.0|1300.0|135.0||||||0.0|3450.0|2300.0|6500.0|190.0|||
||2017|1060.0|75.0|115.0|73.0|40.0|28.0|||25.0|0.0|60.0|19.0|0.0|80.0|13.0|0.0|26.0||||65.0|75.0|70.0|65.0|22.0|25.0|||3.0|2.0|3.0|2.0|1.0|2.0|65.0|135.0||||||||0.0|340.0|740.0|1350.0|140.0||||||0.0|3400.0|2350.0|6450.0|200.0|||
||2018|1230.0|100.0|124.0|82.0|44.0|35.0|||23.0|0.0|70.0|17.0|0.0|90.0|11.0|0.0|25.0||||75.0|85.0|80.0|75.0|25.0|27.0|||2.0|1.0|2.0|1.0|2.0|1.0|30.0|98.0||||||||0.0|305.0|730.0|1260.0|152.0||||||0.0|3250.0|2225.0|6220.0|210.0|||
||2019|1210.0|105.0|120.0|90.0|55.0|40.0|||20.0|0.0|75.0|15.0|0.0|85.0|12.0|0.0|30.0||||80.0|80.0|75.0|80.0|30.0|35.0|||1.0|2.0|1.0|2.0|1.0|2.0|25.0|92.0||||||||0.0|280.0|630.0|900.0|135.0||||||0.0|2470.0|1750.0|5015.0|220.0|||
||2020|1210.0|109.0|124.0|94.0|60.0|45.0|0.0|0.0|19.0|0.0|79.0|16.0|0.0|79.0|14.0|0.0|32.0|0.0|0.0|0.0|84.0|84.0|79.0|83.0|32.0|37.0|0.0|0.0|0.0|1.0|0.0|0.0|0.0|0.0|14.0|51.0|0.0|0.0|0.0|0.0|0.0|0.0|0.0|0.0|340.0|616.0|1080.0|136.0|0.0|0.0|0.0|0.0|0.0|0.0|2820.0|1980.0|5960.0|235.0|0.0|0.0|
||2021|1215.0|110.0|147.0|115.0|75.0|50.0|0.0|0.0|18.0|0.0|80.0|20.0|0.0|90.0|15.0|0.0|40.0|0.0|0.0|0.0|83.0|85.0|85.0|90.0|40.0|45.0|0.0|0.0|0.0|0.0|0.0|0.0|0.0|0.0|13.0|49.0|||0.0|0.0|0.0|0.0|0.0|0.0|390.0|720.0|1280.0|138.0|0.0|0.0|0.0|0.0|0.0|0.0|3384.0|2010.0|6980.0|270.0|||
|Konya(Doğanhisar)-1285|2015|2681.0|907.0|470.0|151.0|167.0|51.0|||173.0|0.0|782.0|31.0|0.0|155.0|8.0|0.0|47.0||||987.0|964.0|171.0|182.0|62.0|68.0|||3.0|14.0|15.0|2.0|9.0|32.0|71.0|193.0|||150.0|280.0|400.0|540.0|40.0|740.0|800.0|1100.0|5500.0|500.0||||||300.0|350.0|600.0|1200.0|250.0|||
||2016|2678.0|906.0|468.0|149.0|166.0|50.0|||171.0|0.0|780.0|30.0|0.0|153.0|7.0|0.0|46.0||||986.0|962.0|170.0|180.0|61.0|67.0|||2.0|13.0|14.0|3.0|8.0|30.0|70.0|192.0|||145.0|275.0|385.0|530.0|35.0|730.0|780.0|1080.0|5400.0|480.0||||||290.0|340.0|580.0|1170.0|230.0|||
||2017|2893.0|1068.0|1625.0|415.0|50.0|15.0|3.0|2.0|260.0|0.0|1060.0|120.0|0.0|270.0|12.0|0.0|20.0|1.0|0.0|0.0|1070.0|996.0|280.0|320.0|20.0|9.0|1.0|0.0|8.0|16.0|10.0|2.0|4.0|28.0|40.0|185.0|||100.0|30.0|750.0|762.0|40.0|300.0|113.0|1606.0|3296.0|229.0||||||20.0|4.0|517.0|409.0|78.0|||
||2018|2280.0|1114.0|1458.0|320.0|62.0|4.0|4.0|5.0|60.0|0.0|990.0|45.0|0.0|233.0|2.0|0.0|4.0|0.0|0.0|2.0|943.0|1121.0|436.0|289.0|1.0|0.0|0.0|0.0|7.0|11.0|15.0|0.0|3.0|26.0|26.0|200.0|||53.0|151.0|383.0|1235.0|83.0|0.0|450.0|1214.0|3775.0|214.0||||||0.0|160.0|651.0|603.0|79.0|||
||2019|3868.0|885.0|1439.0|670.0|80.0|7.0|9.0|0.0|469.0|0.0|788.0|301.0|0.0|504.0|3.0|0.0|17.0|2.0|0.0|1.0|1037.0|1010.0|425.0|431.0|1.0|1.0|2.0|1.0|5.0|12.0|16.0|0.0|2.0|22.0|20.0|195.0|||0.0|19.0|250.0|1707.0|76.0|0.0|77.0|945.0|4038.0|95.0||||||59.0|382.0|402.0|1058.0|88.0|||
||2020|4027.0|892.0|1673.0|579.0|82.0|15.0|8.0|0.0|662.0|0.0|844.0|413.0|0.0|467.0|17.0|0.0|5.0|2.0|0.0|2.0|877.0|832.0|427.0|363.0|1.0|1.0|3.0|1.0|3.0|15.0|15.0|0.0|2.0|22.0|13.0|196.0|0.0|0.0|152.0|399.0|1167.0|1500.0|69.0|11.0|234.0|496.0|4441.0|288.0|0.0|0.0|0.0|0.0|0.0|20.0|86.0|611.0|1012.0|135.0|0.0|0.0|
||2021|3610.0|750.0|1584.0|474.0|64.0|3.0|14.0|3.0|430.0|0.0|683.0|216.0|0.0|517.0|8.0|0.0|5.0|5.0|0.0|1.0|860.0|800.0|675.0|790.0|0.0|1.0|1.0|6.0|4.0|16.0|14.0|0.0|1.0|15.0|5.0|150.0|||0.0|74.0|2103.0|2513.0|157.0|56.0|64.0|1776.0|5014.0|204.0|0.0|0.0|0.0|0.0|0.0|118.0|52.0|666.0|1508.0|195.0|||
|Konya(Emirgazi)-1920|2015|9850.0|2505.0|600.0|150.0|1.0|0.0|||300.0|0.0|2115.0|100.0|0.0|300.0|0.0|0.0|1.0||||2450.0|2800.0|100.0|95.0|1.0|1.0|||8.0|25.0|0.0|25.0|5.0|8.0|18.0|182.0||||||||4000.0|1500.0|2200.0|27500.0|1210.0||||||385.0|395.0|475.0|1455.0|65.0|||
||2016|9860.0|2510.0|610.0|140.0|2.0|0.0|||310.0|0.0|2120.0|110.0|0.0|310.0|0.0|0.0|2.0||||2500.0|2810.0|99.0|100.0|2.0|2.0|||9.0|26.0|0.0|24.0|6.0|9.0|19.0|150.0||||||||4100.0|1550.0|2300.0|27600.0|1200.0||||||390.0|400.0|480.0|1460.0|66.0|||
||2017|11860.0|3010.0|620.0|150.0|27.0|0.0|||590.0|0.0|2620.0|115.0|0.0|320.0|0.0|0.0|3.0||||3007.0|2810.0|102.0|110.0|3.0|3.0|||8.0|25.0|0.0|22.0|7.0|10.0|17.0|140.0||||||||10000.0|3000.0|4300.0|36345.0|1400.0||||||480.0|500.0|590.0|1800.0|85.0|||
||2018|13560.0|3203.0|650.0|160.0|28.0|0.0|||905.0|0.0|2800.0|125.0|0.0|350.0|0.0|0.0|4.0||||4141.0|3900.0|105.0|115.0|4.0|4.0|||7.0|26.0|0.0|21.0|6.0|9.0|26.0|185.0||||||||19500.0|6338.0|5549.0|48409.0|2531.0||||||485.0|505.0|595.0|1805.0|86.0|||
||2019|13480.0|3036.0|720.0|200.0|30.0|0.0|||967.0|0.0|3349.0|100.0|0.0|400.0|0.0|0.0|10.0||||3622.0|3018.0|120.0|130.0|7.0|5.0|||6.0|25.0|0.0|20.0|7.0|10.0|25.0|180.0||||||||15000.0|12900.0|6453.0|44340.0|2602.0||||||400.0|434.0|430.0|2082.0|80.0|||
||2020|13633.0|3080.0|737.0|207.0|31.0|0.0|0.0|0.0|990.0|0.0|3433.0|102.0|0.0|409.0|0.0|0.0|11.0|0.0|0.0|0.0|3736.0|3130.0|126.0|136.0|8.0|6.0|0.0|0.0|8.0|24.0|0.0|19.0|0.0|0.0|21.0|151.0|0.0|0.0|0.0|0.0|0.0|0.0|0.0|16855.0|6000.0|7010.0|44550.0|2300.0|0.0|0.0|0.0|0.0|0.0|410.0|450.0|440.0|1755.0|82.0|0.0|0.0|
||2021|9810.0|2845.0|4324.0|745.0|139.0|55.0|0.0|0.0|787.0|0.0|1647.0|326.0|0.0|1385.0|0.0|0.0|149.0|0.0|0.0|0.0|2120.0|2080.0|1647.0|1454.0|63.0|31.0|0.0|0.0|7.0|26.0|0.0|17.0|0.0|0.0|17.0|149.0|||0.0|0.0|0.0|0.0|0.0|18666.0|6500.0|7025.0|44980.0|2350.0|0.0|0.0|0.0|0.0|0.0|354.0|378.0|378.0|1425.0|76.0|||
|Konya(Ereğli)-1312|2015|40749.0|17753.0|2489.0|1737.0|521.0|150.0|||484.0|0.0|14799.0|61.0|0.0|1404.0|130.0|0.0|205.0||||20403.0|19796.0|1929.0|1838.0|305.0|265.0|||50.0|120.0|0.0|13.0|3.0|6.0|16.0|145.0||||||||12066.0|2791.0|30798.0|83764.0|2000.0||||||996.0|1699.0|6638.0|10300.0|220.0|||
||2016|43008.0|18737.0|2627.0|1833.0|559.0|169.0|||511.0|0.0|15619.0|64.0|0.0|1482.0|148.0|0.0|227.0||||21534.0|20893.0|2036.0|1940.0|322.0|290.0|||60.0|110.0|0.0|12.0|2.0|5.0|14.0|140.0||||||||10219.0|2200.0|21600.0|95300.0|2100.0||||||1055.0|1830.0|7350.0|12540.0|225.0|||
||2017|53629.0|22904.0|4475.0|1911.0|609.0|260.0|||806.0|0.0|19319.0|67.0|0.0|1612.0|120.0|0.0|219.0||||27008.0|26135.0|2254.0|2181.0|307.0|297.0|||75.0|111.0|0.0|10.0|1.0|6.0|13.0|135.0||||||||252.0|17031.0|39752.0|108489.0|6349.0||||||7.0|931.0|2138.0|5276.0|156.0|||
||2018|55389.0|23656.0|4622.0|1974.0|629.0|269.0|||832.0|0.0|19953.0|69.0|0.0|1665.0|124.0|0.0|226.0||||27895.0|26993.0|2328.0|2253.0|317.0|307.0|||60.0|120.0|0.0|11.0|2.0|7.0|12.0|130.0||||||||290.0|20112.0|41580.0|110873.0|7159.0||||||10.0|806.0|2049.0|6035.0|157.0|||
||2019|56369.0|24075.0|4704.0|2009.0|640.0|274.0|||847.0|0.0|20306.0|70.0|0.0|1694.0|126.0|0.0|230.0||||28389.0|27471.0|2369.0|2293.0|320.0|312.0|||58.0|125.0|0.0|10.0|1.0|6.0|11.0|115.0||||||||390.0|24852.0|49885.0|122941.0|7288.0||||||17.0|840.0|2200.0|6425.0|162.0|||
||2020|57762.0|24670.0|4820.0|2059.0|645.0|281.0|0.0|0.0|867.0|0.0|20808.0|70.0|0.0|1736.0|139.0|0.0|235.0|0.0|0.0|0.0|29090.0|28150.0|2428.0|2350.0|328.0|320.0|0.0|0.0|57.0|123.0|0.0|9.0|1.0|5.0|8.0|108.0|0.0|0.0|0.0|0.0|0.0|0.0|0.0|1156.0|31741.0|64150.0|158007.0|11102.0|0.0|0.0|0.0|0.0|0.0|110.0|1456.0|3358.0|7030.0|246.0|0.0|0.0|
||2021|61106.0|25000.0|5302.0|2051.0|653.0|279.0|0.0|0.0|860.0|0.0|21000.0|71.0|0.0|1730.0|150.0|0.0|300.0|0.0|0.0|0.0|30985.0|30150.0|2919.0|2340.0|400.0|300.0|0.0|0.0|65.0|300.0|0.0|7.0|1.0|6.0|7.0|105.0|||73.0|1020.0|3080.0|6500.0|144.0|1631.0|27500.0|71400.0|189820.0|6500.0|65.0|148.0|116.0|190.0|10.0|120.0|848.0|2074.0|9553.0|122.0|||
|Konya(Güneysınır)-1933|2015|3200.0|1010.0|551.0|100.0|21.0|0.0|||90.0|0.0|359.0|40.0|0.0|50.0|0.0|0.0|0.0||||820.0|879.0|115.0|110.0|0.0|0.0|||||||0.0|29.0|0.0|41.0||||||||120.0|2600.0|2400.0|6000.0|450.0||||||150.0|1850.0|2400.0|4600.0|500.0|||
||2016|3250.0|1100.0|500.0|150.0|20.0|0.0|||95.0|0.0|360.0|50.0|0.0|110.0|0.0|0.0|0.0||||750.0|800.0|75.0|80.0|0.0|0.0|||||||0.0|28.0|0.0|40.0||||||||100.0|1700.0|1975.0|5025.0|350.0||||||100.0|1800.0|2500.0|4500.0|600.0|||
||2017|3550.0|1090.0|490.0|160.0|||||85.0|0.0|315.0|55.0|0.0|100.0|||||||690.0|760.0|70.0|85.0|||||||||0.0|20.0|0.0|30.0||||||||0.0|1652.0|1462.0|6422.0|136.0||||||0.0|3560.0|2749.0|5795.0|363.0|||
||2018|3770.0|1260.0|500.0|180.0|||||90.0|0.0|325.0|50.0|0.0|115.0|||||||730.0|870.0|80.0|80.0|||||||||0.0|7.0|0.0|20.0||||||||0.0|3180.0|1477.0|6504.0|400.0||||||0.0|4845.0|2206.0|5866.0|899.0|||
||2019|3895.0|1297.0|545.0|197.0|||||45.0|0.0|345.0|25.0|0.0|116.0|||||||759.0|890.0|71.0|75.0|||||2.0|3.0|5.0|0.0|||11.0|25.0||||||||0.0|3612.0|4503.0|6832.0|462.0||||||0.0|4590.0|3866.0|6432.0|970.0|||
||2020|3904.0|1317.0|609.0|254.0|0.0|0.0|0.0|0.0|50.0|0.0|347.0|27.0|0.0|119.0|0.0|0.0|0.0|0.0|0.0|0.0|772.0|891.0|64.0|71.0|0.0|0.0|0.0|0.0|0.0|5.0|7.0|0.0|0.0|0.0|14.0|26.0|0.0|0.0|0.0|0.0|0.0|0.0|0.0|0.0|3925.0|3663.0|9099.0|356.0|0.0|0.0|0.0|0.0|0.0|2934.0|3584.0|3416.0|8006.0|1130.0|0.0|0.0|
||2021|4747.0|1107.0|634.0|325.0|16.0|0.0|0.0|0.0|381.0|0.0|562.0|53.0|0.0|245.0|2.0|0.0|0.0|0.0|0.0|0.0|886.0|1030.0|428.0|412.0|0.0|0.0|0.0|0.0|0.0|4.0|6.0|0.0|0.0|0.0|15.0|28.0|||0.0|0.0|772.0|1645.0|417.0|0.0|1566.0|4571.0|12742.0|765.0|0.0|0.0|0.0|0.0|0.0|1989.0|3323.0|3468.0|7786.0|1063.0|||
|Konya(Hadim)-1375|2015|747.0|162.0|296.0|32.0|178.0|81.0|||110.0|0.0|101.0|43.0|0.0|28.0|48.0|0.0|50.0||||104.0|110.0|45.0|62.0|40.0|52.0|||13.0|34.0|55.0|8.0|135.0|175.0|110.0|213.0|||0.0|270.0|105.0|256.0|43.0|316.0|179.0|3310.0|7403.0|703.0||||||127.0|1310.0|6216.0|8485.0|1986.0|||
||2016|700.0|150.0|290.0|30.0|155.0|80.0|||90.0|0.0|90.0|30.0|0.0|25.0|38.0|0.0|40.0||||120.0|140.0|50.0|55.0|42.0|50.0|||11.0|25.0|45.0|0.0|95.0|142.0|70.0|195.0|||100.0|340.0|127.0|310.0|59.0|305.0|210.0|2800.0|7200.0|630.0||||||180.0|1500.0|5700.0|9614.0|1693.0|||
||2017|720.0|152.0|289.0|31.0|132.0|81.0|||67.0|0.0|86.0|24.0|0.0|22.0|40.0|0.0|38.0||||135.0|160.0|45.0|49.0|40.0|47.0|||10.0|0.0|41.0|0.0|90.0|151.0|65.0|182.0|||87.0|200.0|210.0|200.0|32.0|195.0|200.0|1387.0|5680.0|320.0||||||170.0|1450.0|5023.0|8650.0|1700.0|||
||2018|775.0|180.0|289.0|41.0|132.0|91.0|||77.0|0.0|96.0|24.0|0.0|32.0|40.0|0.0|48.0||||155.0|170.0|55.0|59.0|50.0|57.0|||8.0|0.0|42.0|0.0|70.0|145.0|60.0|180.0|||87.0|250.0|250.0|270.0|32.0|255.0|400.0|1587.0|5820.0|336.0||||||170.0|1515.0|5123.0|8750.0|1700.0|||
||2019|776.0|185.0|291.0|42.0|133.0|92.0|||78.0|0.0|98.0|25.0|0.0|33.0|41.0|0.0|49.0||||159.0|171.0|56.0|60.0|51.0|58.0|||9.0|0.0|41.0|0.0|64.0|142.0|64.0|176.0|||92.0|285.0|285.0|300.0|40.0|300.0|500.0|1940.0|7062.0|400.0||||||189.0|1666.0|6374.0|10792.0|1891.0|||
||2020|748.0|210.0|304.0|50.0|140.0|95.0|0.0|0.0|74.0|0.0|99.0|21.0|0.0|33.0|41.0|0.0|51.0|0.0|0.0|0.0|165.0|189.0|58.0|62.0|49.0|56.0|0.0|0.0|0.0|0.0|0.0|0.0|0.0|0.0|15.0|20.0|0.0|0.0|117.0|305.0|334.0|420.0|32.0|152.0|130.0|800.0|8639.0|450.0|0.0|0.0|0.0|0.0|0.0|338.0|1500.0|3125.0|10251.0|500.0|0.0|0.0|
||2021|489.0|172.0|403.0|82.0|135.0|75.0|0.0|0.0|0.0|0.0|82.0|0.0|0.0|42.0|0.0|0.0|40.0|0.0|0.0|0.0|142.0|53.0|79.0|85.0|38.0|41.0|0.0|0.0|0.0|0.0|0.0|0.0|0.0|0.0|14.0|19.0|||132.0|340.0|391.0|503.0|35.0|170.0|148.0|1357.0|12454.0|616.0|0.0|0.0|0.0|0.0|0.0|440.0|1825.0|4181.0|16000.0|671.0|||
|Konya(Halkapınar)-1937|2015|2592.0|714.0|85.0|9.0|||||58.0|0.0|427.0|1.0|0.0|0.0|||||||763.0|774.0|55.0|52.0|||||0.0|6.0|65.0|0.0|0.0|10.0|0.0|260.0||||||||138.0|1921.0|2024.0|9505.0|207.0|0.0|0.0|0.0|4.0|0.0|55.0|1296.0|978.0|1498.0|207.0|||
||2016|3319.0|757.0|90.0|71.0|||||147.0|0.0|383.0|0.0|0.0|39.0|||||||801.0|801.0|140.0|142.0|||||0.0|8.0|68.0|0.0|0.0|12.0|0.0|272.0||||||||0.0|2006.0|2063.0|8677.0|536.0||||||0.0|814.0|908.0|1544.0|329.0|||
||2017|3004.0|753.0|285.0|126.0|||||10.0|0.0|341.0|0.0|0.0|45.0|||||||658.0|695.0|247.0|295.0|||||0.0|6.0|11.0|0.0|0.0|1.0|0.0|155.0||||||||0.0|2505.0|2860.0|9531.0|401.0||||||0.0|798.0|796.0|1635.0|297.0|||
||2018|3155.0|657.0|198.0|285.0|||||66.0|0.0|345.0|12.0|0.0|105.0|||||||762.0|748.0|216.0|300.0|||||0.0|7.0|13.0|0.0|0.0|3.0|0.0|160.0||||||||40.0|1614.0|2883.0|10183.0|631.0||||||0.0|103.0|661.0|1678.0|289.0|||
||2019|3224.0|762.0|413.0|297.0|||||114.0|0.0|513.0|30.0|0.0|162.0|||||||703.0|693.0|306.0|309.0|||||5.0|5.0|15.0|2.0|0.0|3.0|10.0|155.0||||||||24.0|2750.0|5067.0|8831.0|221.0||||||90.0|460.0|360.0|1489.0|34.0|||
||2020|2851.0|627.0|414.0|627.0|0.0|0.0|0.0|0.0|174.0|0.0|439.0|38.0|0.0|172.0|0.0|0.0|0.0|0.0|0.0|0.0|1045.0|571.0|442.0|276.0|0.0|0.0|0.0|0.0|3.0|0.0|1.0|1.0|3.0|0.0|30.0|50.0|0.0|0.0|0.0|0.0|0.0|0.0|0.0|24.0|2050.0|4500.0|12536.0|400.0|0.0|0.0|0.0|0.0|0.0|90.0|600.0|781.0|1240.0|100.0|0.0|0.0|
||2021|2280.0|439.0|502.0|289.0|0.0|0.0|0.0|0.0|75.0|0.0|281.0|16.0|0.0|140.0|0.0|0.0|0.0|0.0|0.0|0.0|431.0|391.0|366.0|427.0|0.0|0.0|0.0|0.0|1.0|0.0|0.0|0.0|1.0|0.0|10.0|30.0|||0.0|37.0|10.0|32.0|0.0|16.0|2710.0|8122.0|11734.0|336.0|0.0|0.0|0.0|0.0|0.0|138.0|312.0|1130.0|1068.0|29.0|||
|Konya(Hüyük)-1804|2015|2810.0|764.0|272.0|92.0|71.0|12.0|2.0|0.0|20.0|0.0|697.0|64.0|0.0|109.0|19.0|0.0|18.0|0.0|0.0|0.0|792.0|840.0|124.0|96.0|34.0|14.0|0.0|0.0|0.0|1.0|0.0|11.0|||9.0|114.0|||60.0|110.0|160.0|170.0|25.0|1304.0|1240.0|990.0|3650.0|450.0||||||290.0|262.0|160.0|471.0|125.0|||
||2016|3060.0|764.0|298.0|80.0|10.0|8.0|2.0|0.0|37.0|0.0|690.0|13.0|0.0|104.0|14.0|0.0|6.0|0.0|0.0|0.0|941.0|1146.0|88.0|46.0|7.0|5.0|0.0|0.0|1.0|1.0|0.0|3.0|||9.0|110.0|||120.0|166.0|183.0|190.0|25.0|1416.0|1269.0|606.0|3875.0|337.0||||||288.0|213.0|155.0|400.0|111.0|||
||2017|3075.0|1065.0|265.0|106.0|48.0|14.0|3.0|2.0|30.0|0.0|440.0|44.0|0.0|320.0|15.0|0.0|10.0|0.0|0.0|1.0|1130.0|1228.0|81.0|67.0|6.0|4.0|0.0|0.0|0.0|1.0|0.0|2.0|0.0|1.0|2.0|45.0|||6.0|265.0|475.0|318.0|110.0|9.0|1140.0|2640.0|3387.0|442.0||||||0.0|304.0|508.0|757.0|190.0|||
||2018|3673.0|845.0|357.0|135.0|50.0|24.0|11.0|8.0|26.0|0.0|746.0|19.0|0.0|134.0|2.0|0.0|9.0|0.0|0.0|2.0|1160.0|1269.0|166.0|218.0|5.0|3.0|0.0|0.0|0.0|0.0|0.0|3.0|||0.0|35.0|||140.0|190.0|235.0|408.0|30.0|1010.0|1380.0|640.0|4245.0|230.0||||||110.0|645.0|380.0|561.0|230.0|||
||2019|3708.0|914.0|370.0|140.0|30.0|15.0|19.0|2.0|21.0|0.0|776.0|18.0|0.0|144.0|4.0|0.0|10.0|0.0|0.0|1.0|1207.0|1316.0|177.0|231.0|2.0|8.0|0.0|0.0|0.0|0.0|0.0|3.0|||0.0|32.0|||54.0|320.0|335.0|437.0|70.0|35.0|2271.0|2510.0|3241.0|130.0||||||41.0|433.0|625.0|500.0|133.0|||
||2020|3778.0|941.0|364.0|131.0|27.0|27.0|14.0|4.0|18.0|6.0|810.0|14.0|3.0|141.0|5.0|0.0|8.0|1.0|0.0|1.0|1249.0|1339.0|174.0|228.0|2.0|7.0|2.0|1.0|0.0|0.0|0.0|3.0|1.0|1.0|0.0|38.0|0.0|0.0|180.0|330.0|394.0|875.0|45.0|1006.0|1800.0|1420.0|4917.0|180.0|0.0|0.0|0.0|0.0|0.0|80.0|610.0|430.0|453.0|140.0|0.0|0.0|
||2021|3421.0|1006.0|344.0|169.0|18.0|15.0|14.0|2.0|17.0|1.0|866.0|19.0|0.0|149.0|6.0|0.0|6.0|2.0|0.0|4.0|1367.0|1409.0|187.0|239.0|2.0|3.0|0.0|4.0|0.0|0.0|0.0|0.0|0.0|1.0|0.0|20.0|||4.0|460.0|930.0|854.0|52.0|10.0|2652.0|3980.0|6048.0|260.0|0.0|0.0|0.0|0.0|0.0|40.0|450.0|676.0|614.0|160.0|||
|Konya(Ilgın)-1400|2015|11100.0|2050.0|8000.0|2000.0|960.0|275.0|8.0|7.0|385.0|0.0|1000.0|305.0|0.0|1150.0|80.0|0.0|470.0|2.0|0.0|5.0|2050.0|2100.0|2220.0|1975.0|250.0|245.0|3.0|8.0|6.0|113.0|3.0|2.0|||32.0|360.0|||3000.0|300.0|750.0|3900.0|228.0|4200.0|3200.0|13000.0|39600.0|1850.0|25.0|40.0|65.0|98.0|30.0|420.0|3437.0|3150.0|3800.0|750.0|||
||2016|12100.0|2210.0|9500.0|2280.0|830.0|240.0|7.0|6.0|380.0|0.0|1200.0|300.0|0.0|1300.0|50.0|0.0|430.0|4.0|0.0|6.0|2230.0|2220.0|2550.0|2050.0|210.0|200.0|4.0|9.0|9.0|110.0|4.0|4.0|||35.0|370.0|||3440.0|375.0|810.0|4050.0|250.0|4500.0|3450.0|13500.0|39900.0|2160.0|35.0|55.0|66.0|105.0|32.0|450.0|3750.0|3750.0|4400.0|810.0|||
||2017|11800.0|2200.0|11000.0|2400.0|186.0|230.0|31.0|9.0|300.0|0.0|1100.0|370.0|0.0|1200.0|10.0|0.0|70.0|1.0|0.0|2.0|2100.0|2200.0|2500.0|2100.0|50.0|100.0|9.0|10.0|8.0|111.0|5.0|5.0|||40.0|365.0|||1200.0|2000.0|2500.0|7000.0|480.0|1000.0|4000.0|19870.0|42000.0|1950.0|30.0|45.0|55.0|85.0|37.0|430.0|1329.0|3974.0|4985.0|520.0|||
||2018|13000.0|2400.0|10000.0|2200.0|150.0|190.0|20.0|16.0|330.0|0.0|1200.0|340.0|0.0|1100.0|8.0|0.0|50.0|2.0|0.0|6.0|2300.0|2400.0|2300.0|1900.0|40.0|80.0|8.0|5.0|7.0|100.0|4.0|4.0|||38.0|350.0|||1450.0|2300.0|2650.0|7900.0|520.0|1100.0|4200.0|17850.0|40000.0|1750.0|33.0|48.0|57.0|88.0|39.0|440.0|1342.0|4015.0|5022.0|515.0|||
||2019|13500.0|2300.0|10500.0|2300.0|180.0|210.0|25.0|14.0|325.0|0.0|900.0|320.0|0.0|900.0|10.0|0.0|45.0|3.0|0.0|5.0|1900.0|2200.0|2050.0|1800.0|35.0|70.0|6.0|6.0|10.0|105.0|8.0|8.0|||40.0|360.0|||1350.0|2150.0|2500.0|8300.0|530.0|1050.0|4150.0|18700.0|42000.0|1850.0|30.0|40.0|52.0|111.0|40.0|380.0|1150.0|3800.0|6132.0|520.0|||
||2020|14893.0|6553.0|2095.0|897.0|96.0|24.0|32.0|16.0|56.0|0.0|1118.0|40.0|0.0|389.0|10.0|0.0|45.0|2.0|0.0|8.0|762.0|7636.0|1077.0|4705.0|8.0|24.0|6.0|6.0|0.0|15.0|0.0|2.0|0.0|0.0|20.0|150.0|0.0|0.0|380.0|510.0|1260.0|7350.0|310.0|1320.0|11100.0|12200.0|64210.0|2050.0|30.0|40.0|52.0|111.0|40.0|510.0|760.0|810.0|6547.0|300.0|0.0|0.0|
||2021|23171.0|6191.0|5755.0|1096.0|226.0|46.0|58.0|8.0|101.0|0.0|1197.0|342.0|0.0|705.0|0.0|0.0|18.0|0.0|0.0|1.0|2325.0|2597.0|1162.0|595.0|5.0|8.0|4.0|7.0|0.0|14.0|0.0|2.0|0.0|0.0|21.0|144.0|||360.0|495.0|1420.0|8175.0|352.0|1276.0|10812.0|13627.0|78208.0|2120.0|0.0|0.0|0.0|0.0|0.0|455.0|970.0|1010.0|7480.0|42.0|||
|Konya(Kadınhanı)-1422|2015|14000.0|3700.0|1500.0|700.0|300.0|70.0|||1000.0|0.0|4000.0|60.0|0.0|500.0|0.0|0.0|100.0||||6100.0|2500.0|750.0|500.0|350.0|120.0|||9.0|26.0|0.0|0.0|||25.0|85.0|||1500.0|2000.0|2500.0|10000.0|500.0|2500.0|7500.0|7900.0|37000.0|2000.0||||||380.0|1950.0|2000.0|2600.0|300.0|||
||2016|12100.0|2750.0|1250.0|500.0|180.0|70.0|||750.0|0.0|3900.0|70.0|0.0|550.0|0.0|0.0|100.0||||4480.0|2000.0|700.0|600.0|300.0|200.0|||15.0|29.0|0.0|3.0|||45.0|150.0|||824.0|71.0|828.0|11583.0|2242.0|5350.0|3500.0|9200.0|35202.0|3500.0||||||250.0|435.0|1100.0|4300.0|600.0|||
||2017|13745.0|3226.0|1402.0|562.0|153.0|60.0|||837.0|0.0|4411.0|74.0|0.0|621.0|0.0|0.0|75.0||||5084.0|2223.0|803.0|717.0|265.0|180.0|||10.0|13.0|0.0|2.0|3.0|4.0|80.0|180.0|||1189.0|108.0|1348.0|18125.0|3378.0|7745.0|5082.0|13311.0|46016.0|3450.0||||||311.0|587.0|1607.0|5805.0|754.0|||
||2018|13740.0|3245.0|1434.0|569.0|156.0|63.0|||833.0|0.0|4425.0|75.0|0.0|620.0|0.0|0.0|76.0||||5086.0|2225.0|808.0|724.0|269.0|183.0|||6.0|7.0|0.0|1.0|2.0|3.0|100.0|280.0|||1198.0|120.0|1362.0|18345.0|3450.0|7740.0|5090.0|13420.0|46900.0|3625.0||||||309.0|585.0|1604.0|5802.0|750.0|||
||2019|12200.0|2870.0|1236.0|496.0|130.0|50.0|||695.0|0.0|3950.0|64.0|0.0|540.0|0.0|0.0|56.0||||4568.0|1930.0|695.0|615.0|217.0|151.0|||6.0|8.0|0.0|1.0|||95.0|275.0|||1160.0|125.0|1375.0|18700.0|3200.0|7800.0|5040.0|13300.0|47000.0|3650.0||||||310.0|580.0|1590.0|5800.0|790.0|||
||2020|12338.0|2940.0|1265.0|514.0|129.0|53.0|0.0|0.0|720.0|0.0|4071.0|62.0|0.0|545.0|0.0|0.0|57.0|0.0|0.0|0.0|4688.0|1974.0|709.0|637.0|216.0|154.0|0.0|0.0|4.0|4.0|0.0|2.0|0.0|0.0|92.0|238.0|0.0|0.0|1250.0|115.0|1195.0|18550.0|2970.0|9450.0|6120.0|16870.0|56500.0|4250.0|0.0|0.0|0.0|0.0|0.0|400.0|670.0|1685.0|6630.0|880.0|0.0|0.0|
||2021|12235.0|3105.0|1580.0|505.0|150.0|60.0|0.0|0.0|785.0|0.0|4030.0|75.0|0.0|540.0|0.0|0.0|60.0|0.0|0.0|0.0|4580.0|1850.0|710.0|630.0|240.0|165.0|0.0|0.0|4.0|4.0|0.0|2.0|0.0|0.0|95.0|230.0|||1280.0|145.0|1210.0|18850.0|3010.0|9400.0|6150.0|16750.0|54435.0|4300.0|0.0|0.0|0.0|0.0|0.0|405.0|675.0|1605.0|6500.0|785.0|||
|Konya(Karapınar)-1441|2015|19800.0|5450.0|6490.0|1430.0|160.0|140.0|||2400.0|0.0|2720.0|780.0|0.0|1450.0|0.0|0.0|172.0||||6460.0|5750.0|2150.0|1550.0|90.0|100.0|||5.0|11.0|9.0|4.0|||38.0|190.0|||4425.0|15450.0|57650.0|110000.0|22000.0|1802.0|9550.0|34000.0|100020.0|21475.0|0.0|0.0|30.0|400.0|3.0|2100.0|1200.0|5350.0|10125.0|3150.0|||
||2016|19750.0|5200.0|6000.0|1125.0|140.0|120.0|||2250.0|0.0|2500.0|700.0|0.0|1200.0|0.0|0.0|150.0||||6000.0|5000.0|2000.0|1250.0|70.0|80.0|||4.0|12.0|8.0|5.0|||40.0|192.0|||4000.0|12500.0|55000.0|100000.0|20000.0|1500.0|9000.0|30000.0|92000.0|18000.0|0.0|0.0|20.0|380.0|2.0|2000.0|1000.0|5300.0|9000.0|3100.0|||
||2017|19250.0|7900.0|8450.0|2450.0|80.0|80.0|0.0|0.0|4400.0|0.0|4400.0|800.0|0.0|2100.0|0.0|0.0|125.0|0.0|0.0|1.0|6400.0|5400.0|2650.0|2000.0|45.0|65.0|0.0|0.0|3.0|10.0|7.0|2.0|||30.0|180.0|||3000.0|9500.0|40500.0|87000.0|16000.0|1800.0|6700.0|25000.0|70000.0|13000.0|0.0|0.0|15.0|200.0|2.0|1000.0|750.0|4100.0|5000.0|2000.0|||
||2018|22000.0|9000.0|9600.0|2775.0|70.0|70.0|0.0|0.0|5000.0|0.0|5000.0|910.0|0.0|2375.0|0.0|0.0|120.0|0.0|0.0|2.0|7250.0|6100.0|3000.0|2260.0|40.0|60.0|0.0|0.0|3.0|10.0|7.0|2.0|||31.0|182.0|||2430.0|9450.0|40300.0|86970.0|15500.0|1330.0|14900.0|30245.0|92000.0|9600.0|0.0|0.0|12.0|180.0|2.0|1200.0|860.0|4800.0|6000.0|2500.0|||
||2019|28815.0|11350.0|7555.0|1870.0|40.0|40.0|0.0|0.0|7300.0|0.0|6300.0|450.0|0.0|1600.0|0.0|0.0|75.0|0.0|0.0|2.0|9150.0|7650.0|2200.0|1650.0|20.0|35.0|0.0|0.0|3.0|11.0|8.0|2.0|||30.0|183.0|||2422.0|10585.0|45136.0|97410.0|17360.0|1490.0|16688.0|33875.0|103040.0|10752.0|0.0|0.0|10.0|170.0|3.0|1250.0|870.0|4850.0|6050.0|2600.0|||
||2020|33069.0|11378.0|8113.0|1647.0|10.0|24.0|0.0|0.0|5669.0|0.0|5938.0|491.0|0.0|1368.0|0.0|0.0|31.0|0.0|0.0|2.0|8993.0|8397.0|1759.0|909.0|9.0|16.0|0.0|0.0|4.0|10.0|7.0|2.0|0.0|0.0|37.0|185.0|0.0|0.0|1517.0|14642.0|15692.0|54450.0|2232.0|3542.0|41670.0|44460.0|167637.0|7320.0|0.0|0.0|10.0|170.0|3.0|96.0|3503.0|2489.0|9257.0|977.0|0.0|0.0|
||2021|33631.0|8975.0|6305.0|1680.0|292.0|75.0|1.0|0.0|3778.0|0.0|8035.0|699.0|0.0|1538.0|44.0|0.0|35.0|0.0|0.0|0.0|8830.0|8550.0|1615.0|1546.0|53.0|58.0|0.0|0.0|5.0|11.0|7.0|2.0|0.0|0.0|38.0|187.0|||1326.0|11852.0|13809.0|53240.0|1964.0|3117.0|40744.0|43476.0|162840.0|6442.0|0.0|0.0|0.0|0.0|0.0|84.0|3083.0|2190.0|8307.0|860.0|||
|Konya(Karatay)-1814|2015|11600.0|3500.0|15120.0|4900.0|1750.0|725.0|||650.0|0.0|6000.0|1110.0|0.0|7270.0|150.0|0.0|1300.0||||3400.0|3300.0|6100.0|5450.0|755.0|690.0|||5.0|13.0|22.0|6.0|||20.0|78.0|||1500.0|3000.0|2300.0|10000.0|375.0|20000.0|18000.0|11000.0|92000.0|3200.0||||||2100.0|1000.0|1730.0|3740.0|130.0|||
||2016|11270.0|3460.0|15380.0|4850.0|1650.0|700.0|||750.0|0.0|5890.0|1260.0|0.0|7250.0|100.0|0.0|1350.0||||3550.0|3330.0|6090.0|5500.0|730.0|660.0|||6.0|12.0|18.0|5.0|||0.0|84.0|||300.0|2500.0|2000.0|10500.0|320.0|3000.0|40000.0|18000.0|105000.0|3200.0||||||1000.0|1850.0|1700.0|3550.0|110.0|||
||2017|13320.0|3350.0|18095.0|4750.0|1635.0|720.0|48.0|0.0|595.0|0.0|5500.0|1130.0|0.0|6950.0|105.0|0.0|1295.0|77.0|0.0|13.0|3460.0|3260.0|6100.0|5350.0|700.0|645.0|0.0|1.0|2.0|10.0|10.0|2.0|||20.0|420.0|||550.0|1650.0|1900.0|11100.0|250.0|14500.0|13200.0|17000.0|114335.0|3165.0||||||620.0|840.0|930.0|2450.0|90.0|||
||2018|14075.0|3520.0|18400.0|4880.0|1650.0|720.0|40.0|4.0|595.0|0.0|5700.0|1185.0|0.0|7080.0|95.0|0.0|1295.0|65.0|0.0|5.0|3590.0|3460.0|6220.0|5565.0|690.0|645.0|0.0|0.0|2.0|10.0|10.0|2.0|||25.0|430.0|||550.0|1660.0|1940.0|11120.0|270.0|14600.0|13350.0|17100.0|115000.0|3250.0||||||635.0|850.0|930.0|2450.0|95.0|||
||2019|14100.0|3550.0|18500.0|4900.0|1620.0|710.0|40.0|6.0|570.0|0.0|5700.0|1150.0|0.0|7050.0|75.0|0.0|1275.0|40.0|0.0|5.0|3590.0|3460.0|6240.0|5570.0|650.0|630.0|3.0|3.0|||||||30.0|450.0|||600.0|1750.0|2000.0|11500.0|280.0|14500.0|14200.0|17300.0|116200.0|3300.0||||||620.0|860.0|920.0|2475.0|90.0|||
||2020|27418.0|4655.0|5834.0|3924.0|1625.0|701.0|25.0|4.0|609.0|0.0|9193.0|1157.0|0.0|4168.0|82.0|0.0|1218.0|34.0|6.0|3.0|7208.0|5706.0|2706.0|3665.0|619.0|629.0|3.0|5.0|0.0|0.0|0.0|0.0|0.0|0.0|30.0|410.0|0.0|0.0|952.0|2911.0|2950.0|15548.0|550.0|19300.0|19740.0|23430.0|151806.0|4950.0|0.0|0.0|0.0|0.0|0.0|680.0|850.0|960.0|3500.0|190.0|0.0|0.0|
||2021|27365.0|4708.0|5838.0|3924.0|1620.0|706.0|25.0|4.0|605.0|0.0|9198.0|1150.0|0.0|4170.0|85.0|0.0|1227.0|34.0|3.0|3.0|7205.0|5705.0|2711.0|3665.0|610.0|629.0|0.0|5.0|8.0|5.0|0.0|9.0|0.0|0.0|30.0|410.0|||970.0|2892.0|2900.0|15598.0|550.0|19200.0|19940.0|23550.0|151787.0|4750.0|0.0|0.0|0.0|0.0|0.0|620.0|910.0|900.0|3560.0|190.0|||
|Konya(Kulu)-1491|2015|1036.0|187.0|2760.0|600.0|2850.0|830.0|||132.0|0.0|411.0|290.0|0.0|436.0|1500.0|0.0|1450.0||||374.0|326.0|900.0|716.0|3450.0|2800.0|||62.0|0.0|0.0|0.0|||48.0|642.0||||||||3280.0|6940.0|9600.0|85220.0|2360.0||||||342.0|828.0|811.0|2210.0|78.0|||
||2016|1000.0|170.0|2700.0|610.0|2840.0|800.0|||120.0|0.0|400.0|260.0|0.0|420.0|1470.0|0.0|1400.0||||400.0|320.0|1040.0|700.0|3550.0|2750.0|||58.0|0.0|0.0|0.0|||53.0|612.0||||||||3200.0|6900.0|9500.0|85200.0|2300.0||||||365.0|830.0|810.0|2200.0|60.0|||
||2017|2475.0|530.0|3400.0|960.0|1675.0|430.0|1.0|0.0|280.0|0.0|700.0|320.0|0.0|520.0|700.0|0.0|520.0|0.0|0.0|1.0|1020.0|745.0|1100.0|900.0|2210.0|1515.0|1.0|0.0|43.0|0.0|0.0|0.0|||58.0|620.0||||||||4000.0|8500.0|10700.0|86250.0|2450.0|0.0|60.0|44.0|111.0|2.0|356.0|770.0|766.0|2098.0|58.0|||
||2018|2614.0|561.0|3307.0|985.0|1378.0|400.0|0.0|5.0|293.0|0.0|920.0|310.0|0.0|850.0|501.0|0.0|503.0|2.0|0.0|2.0|3387.0|932.0|2010.0|1001.0|1954.0|1083.0|0.0|0.0|57.0|0.0|0.0|0.0|||59.0|550.0|||0.0|54.0|0.0|0.0|0.0|2514.0|11022.0|18779.0|78742.0|1975.0|0.0|45.0|40.0|117.0|0.0|332.0|701.0|698.0|1924.0|55.0|||
||2019|2394.0|830.0|2964.0|1033.0|807.0|233.0|8.0|0.0|264.0|0.0|518.0|274.0|0.0|608.0|294.0|0.0|294.0|3.0|0.0|0.0|2298.0|1676.0|1497.0|1224.0|1145.0|647.0|5.0|1.0|50.0|0.0|0.0|0.0|||43.0|542.0|||0.0|151.0|527.0|1379.0|75.0|2361.0|10726.0|17799.0|76146.0|2074.0|0.0|0.0|88.0|231.0|64.0|470.0|1002.0|1053.0|2766.0|88.0|||
||2020|2445.0|4982.0|882.0|886.0|513.0|241.0|3.0|0.0|299.0|0.0|483.0|207.0|0.0|470.0|235.0|0.0|276.0|1.0|0.0|0.0|2462.0|1897.0|950.0|915.0|825.0|424.0|1.0|1.0|0.0|0.0|0.0|2.0|0.0|0.0|6.0|135.0|0.0|0.0|0.0|342.0|282.0|966.0|22.0|109.0|15564.0|20158.0|75246.0|2376.0|0.0|119.0|88.0|231.0|63.0|470.0|806.0|933.0|2218.0|142.0|0.0|0.0|
||2021|2912.0|4144.0|1095.0|614.0|532.0|201.0|5.0|2.0|388.0|0.0|954.0|297.0|0.0|409.0|160.0|0.0|212.0|1.0|0.0|2.0|2876.0|2828.0|704.0|806.0|525.0|333.0|0.0|0.0|0.0|0.0|0.0|2.0|0.0|0.0|5.0|351.0|||0.0|0.0|357.0|1243.0|26.0|8.0|14711.0|25000.0|88369.0|2235.0|0.0|114.0|119.0|261.0|105.0|0.0|428.0|1138.0|2804.0|90.0|||
|Konya(Meram)-1827|2015|3690.0|3175.0|3560.0|3370.0|1525.0|1420.0|75.0|12.0|5299.0|0.0|4159.0|5890.0|0.0|3780.0|1356.0|0.0|2370.0|4.0|0.0|8.0|2580.0|2387.0|2590.0|2290.0|887.0|832.0|19.0|22.0|36.0|38.0|57.0|8.0|12.0|41.0|68.0|245.0|||200.0|1377.0|1568.0|3230.0|109.0|1806.0|12200.0|13800.0|77035.0|2385.0||||||288.0|2593.0|1666.0|9640.0|703.0|||
||2016|5145.0|4042.0|5724.0|4125.0|2321.0|2011.0|60.0|9.0|3815.0|0.0|4612.0|3473.0|0.0|4457.0|1266.0|0.0|1521.0|5.0|0.0|7.0|2162.0|2348.0|2651.0|2611.0|904.0|1052.0|22.0|27.0|74.0|80.0|107.0|14.0|26.0|48.0|120.0|495.0|||0.0|512.0|581.0|3682.0|118.0|0.0|17505.0|8645.0|80345.0|3347.0||||||0.0|3438.0|2062.0|8980.0|602.0|||
||2017|26278.0|8559.0|4933.0|2464.0|1218.0|239.0|57.0|12.0|1378.0|0.0|10119.0|585.0|0.0|4264.0|81.0|0.0|218.0|6.0|0.0|8.0|8151.0|6670.0|2508.0|1770.0|49.0|37.0|21.0|17.0|52.0|78.0|79.0|17.0|19.0|39.0|148.0|434.0|||42.0|578.0|385.0|3748.0|125.0|154.0|16494.0|20189.0|76548.0|3424.0||||||5.0|3449.0|3978.0|7906.0|681.0|||
||2018|27564.0|9024.0|6348.0|2497.0|1132.0|76.0|77.0|20.0|2142.0|0.0|11284.0|1214.0|0.0|2539.0|121.0|0.0|81.0|8.0|0.0|21.0|7365.0|6812.0|1876.0|1641.0|148.0|121.0|33.0|31.0|31.0|138.0|40.0|0.0|11.0|26.0|107.0|370.0|||0.0|845.0|941.0|5642.0|215.0|0.0|5300.0|9614.0|95144.0|4156.0||||||0.0|2584.0|2162.0|12045.0|1109.0|||
||2019|28295.0|9174.0|7941.0|2497.0|984.0|62.0|76.0|42.0|2539.0|0.0|7150.0|1178.0|0.0|2845.0|61.0|0.0|42.0|11.0|0.0|18.0|7841.0|6589.0|2785.0|2588.0|178.0|162.0|36.0|34.0|23.0|145.0|43.0|0.0|9.0|21.0|118.0|359.0|||353.0|1042.0|1163.0|6367.0|245.0|4226.0|5659.0|10187.0|96938.0|5083.0||||||0.0|2224.0|1783.0|12919.0|1157.0|||
||2020|29176.0|9128.0|8057.0|2782.0|981.0|62.0|77.0|45.0|2576.0|0.0|7367.0|1216.0|0.0|2953.0|58.0|0.0|41.0|11.0|0.0|21.0|7947.0|6651.0|2696.0|2728.0|176.0|159.0|39.0|34.0|26.0|147.0|38.0|0.0|8.0|17.0|97.0|347.0|0.0|0.0|1040.0|625.0|1010.0|8024.0|258.0|13150.0|3002.0|9904.0|109344.0|5487.0|0.0|0.0|0.0|0.0|0.0|2370.0|2100.0|1125.0|14548.0|1157.0|0.0|0.0|
||2021|29994.0|9348.0|8240.0|2857.0|1020.0|97.0|117.0|70.0|2650.0|0.0|7540.0|1267.0|0.0|3020.0|70.0|0.0|59.0|12.0|0.0|23.0|8190.0|6875.0|2764.0|2802.0|206.0|174.0|46.0|39.0|28.0|143.0|32.0|1.0|6.0|16.0|101.0|342.0|||1045.0|626.0|1015.0|8035.0|258.0|13150.0|3002.0|9904.0|109370.0|5487.0|0.0|0.0|0.0|0.0|0.0|2372.0|2103.0|1125.0|14551.0|1157.0|||
|Konya(Sarayönü)-1598|2015|4000.0|1400.0|5101.0|1668.0|130.0|60.0|||40.0|0.0|600.0|155.0|0.0|1123.0|0.0|0.0|66.0||||1200.0|1600.0|1973.0|1907.0|55.0|53.0|||2.0|4.0|6.0|0.0|||11.0|35.0|||600.0|450.0|500.0|900.0|45.0|10154.0|7500.0|8000.0|40000.0|1900.0||||||100.0|1200.0|700.0|1000.0|300.0|||
||2016|3850.0|1420.0|4500.0|1670.0|120.0|58.0|||40.0|0.0|650.0|155.0|0.0|900.0|0.0|0.0|64.0||||1230.0|1620.0|2005.0|1930.0|58.0|63.0|||2.0|4.0|6.0|0.0|||13.0|36.0|||650.0|500.0|550.0|950.0|50.0|10150.0|7600.0|8500.0|42000.0|1750.0||||||130.0|1220.0|800.0|1050.0|200.0|||
||2017|7682.0|3838.0|3885.0|1225.0|62.0|12.0|||335.0|0.0|1714.0|32.0|0.0|589.0|0.0|0.0|16.0||||1945.0|2210.0|1320.0|1275.0|22.0|38.0|||4.0|3.0|5.0|0.0|||10.0|38.0|||300.0|650.0|600.0|1000.0|50.0|2100.0|13450.0|4000.0|56000.0|1850.0||||||50.0|1000.0|500.0|1250.0|200.0|||
||2018|11600.0|4800.0|1400.0|1045.0|60.0|16.0|||600.0|0.0|2800.0|25.0|0.0|280.0|0.0|0.0|14.0||||2200.0|2500.0|600.0|800.0|20.0|40.0|||6.0|6.0|6.0|2.0|||17.0|48.0|||310.0|810.0|525.0|1025.0|40.0|2000.0|14075.0|5100.0|59000.0|2150.0||||||150.0|1325.0|675.0|1550.0|325.0|||
||2019|13200.0|3150.0|1550.0|850.0|90.0|24.0|||730.0|0.0|3480.0|52.0|0.0|350.0|0.0|0.0|22.0||||2500.0|2410.0|750.0|740.0|21.0|45.0|||8.0|12.0|7.0|3.0|||20.0|50.0|||48.0|592.0|1083.0|1236.0|41.0|600.0|24000.0|18000.0|60338.0|2062.0||||||46.0|819.0|1232.0|2768.0|135.0|||
||2020|13528.0|3257.0|1523.0|874.0|88.0|21.0|0.0|0.0|752.0|0.0|3587.0|50.0|0.0|363.0|0.0|0.0|23.0|0.0|0.0|0.0|2525.0|2435.0|742.0|732.0|20.0|44.0|0.0|0.0|12.0|10.0|6.0|5.0|0.0|0.0|50.0|100.0|0.0|0.0|1332.0|620.0|1239.0|1342.0|50.0|9164.0|25813.0|19618.0|64017.0|2323.0|0.0|0.0|0.0|0.0|0.0|50.0|830.0|1230.0|2755.0|135.0|0.0|0.0|
||2021|11154.0|2685.0|1256.0|721.0|73.0|17.0|0.0|0.0|620.0|0.0|2957.0|41.0|0.0|299.0|0.0|0.0|19.0|0.0|0.0|0.0|2082.0|2008.0|612.0|604.0|16.0|36.0|0.0|0.0|11.0|9.0|5.0|4.0|0.0|0.0|47.0|103.0|||1225.0|570.0|1139.0|1234.0|46.0|8425.0|23733.0|18037.0|58858.0|2136.0|0.0|0.0|0.0|0.0|0.0|46.0|763.0|1131.0|2533.0|124.0|||
|Konya(Selçuklu)-1839|2015|3050.0|705.0|2715.0|857.0|115.0|85.0|||425.0|0.0|935.0|487.0|0.0|503.0|25.0|0.0|115.0||||1115.0|1040.0|580.0|405.0|74.0|69.0|||15.0|30.0|35.0|0.0|10.0|30.0|55.0|200.0||||||||0.0|11500.0|7020.0|60250.0|3600.0||||||0.0|2600.0|600.0|6100.0|82.0|||
||2016|2820.0|649.0|1607.0|745.0|98.0|75.0|||345.0|0.0|825.0|364.0|0.0|360.0|23.0|0.0|93.0||||1113.0|989.0|455.0|319.0|55.0|65.0|||11.0|31.0|30.0|0.0|7.0|29.0|44.0|195.0|||40.0|990.0|311.0|3300.0|103.0|244.0|9472.0|7340.0|56100.0|3400.0||||||0.0|2450.0|310.0|5950.0|70.0|||
||2017|5194.0|1349.0|1013.0|304.0|24.0|8.0|3.0|0.0|553.0|0.0|1131.0|136.0|0.0|256.0|9.0|0.0|10.0|0.0|0.0|0.0|1378.0|1289.0|308.0|301.0|19.0|11.0|0.0|0.0|9.0|24.0|16.0|0.0|4.0|19.0|28.0|154.0|||0.0|602.0|404.0|1932.0|74.0|0.0|17940.0|11644.0|62200.0|4518.0|0.0|18.0|36.0|67.0|62.0|0.0|2981.0|1913.0|9900.0|727.0|||
||2018|5196.0|1345.0|1018.0|305.0|25.0|8.0|||601.0|0.0|1130.0|138.0|0.0|258.0|10.0|0.0|10.0||||1375.0|1285.0|310.0|302.0|20.0|12.0|||15.0|26.0|9.0|0.0|5.0|15.0|30.0|150.0|||0.0|90.0|217.0|267.0|83.0|341.0|15420.0|10654.0|60637.0|2019.0|0.0|0.0|92.0|156.0|8.0|0.0|36.0|2715.0|7633.0|1162.0|||
||2019|3979.0|1190.0|1591.0|577.0|25.0|10.0|0.0|5.0|460.0|0.0|1095.0|201.0|0.0|320.0|10.0|0.0|11.0|1.0|0.0|3.0|1378.0|1275.0|525.0|517.0|14.0|13.0|0.0|0.0|11.0|25.0|7.0|0.0|0.0|12.0|35.0|165.0|||16.0|149.0|159.0|360.0|31.0|520.0|14690.0|13515.0|61650.0|2195.0|5.0|50.0|50.0|165.0|7.0|101.0|1166.0|2173.0|8370.0|615.0|||
||2020|4061.0|1209.0|1625.0|398.0|26.0|9.0|1.0|5.0|338.0|0.0|1303.0|95.0|0.0|440.0|9.0|0.0|10.0|2.0|0.0|2.0|1362.0|1298.0|721.0|528.0|11.0|11.0|0.0|0.0|14.0|19.0|0.0|20.0|0.0|0.0|6.0|178.0|0.0|0.0|16.0|890.0|655.0|765.0|26.0|57.0|18180.0|16835.0|65269.0|2191.0|5.0|154.0|100.0|200.0|7.0|25.0|3905.0|4664.0|8185.0|285.0|0.0|0.0|
||2021|4224.0|1261.0|1668.0|419.0|29.0|14.0|0.0|5.0|350.0|0.0|1312.0|98.0|0.0|458.0|9.0|0.0|15.0|0.0|0.0|3.0|1362.0|1329.0|730.0|546.0|12.0|11.0|2.0|3.0|11.0|22.0|0.0|24.0|0.0|0.0|0.0|179.0|||0.0|1152.0|833.0|832.0|26.0|2200.0|20100.0|20200.0|74300.0|2234.0|0.0|150.0|100.0|180.0|7.0|0.0|3920.0|4698.0|8287.0|284.0|||
|Konya(Seydişehir)-1617|2015|6618.0|1694.0|5909.0|1482.0|2826.0|784.0|||2603.0|0.0|681.0|2345.0|0.0|512.0|1310.0|0.0|394.0||||441.0|1073.0|425.0|915.0|195.0|523.0|||17.0|50.0|40.0|0.0|28.0|103.0|34.0|195.0|||0.0|260.0|280.0|407.0|14.0|250.0|3100.0|3350.0|26676.0|535.0||||||1800.0|1700.0|3200.0|14132.0|320.0|||
||2016|9246.0|2417.0|4746.0|1020.0|1863.0|540.0|||1580.0|0.0|1945.0|962.0|0.0|418.0|648.0|0.0|203.0||||2063.0|2302.0|425.0|636.0|170.0|382.0|||12.0|52.0|38.0|0.0|25.0|95.0|32.0|190.0|||32.0|396.0|394.0|745.0|52.0|230.0|4220.0|7230.0|21580.0|980.0||||||1230.0|2020.0|3230.0|14603.0|362.0|||
||2017|7348.0|3372.0|4236.0|669.0|1204.0|402.0|||462.0|0.0|2385.0|211.0|0.0|283.0|203.0|0.0|165.0||||2652.0|2765.0|365.0|396.0|125.0|286.0|||11.0|48.0|36.0|0.0|23.0|86.0|29.0|182.0|||58.0|481.0|463.0|768.0|40.0|565.0|4231.0|5126.0|19083.0|765.0||||||850.0|2014.0|3226.0|12645.0|265.0|||
||2018|8993.0|3996.0|4727.0|1176.0|1219.0|459.0|||111.0|0.0|2399.0|88.0|0.0|374.0|102.0|0.0|231.0||||2936.0|2957.0|595.0|667.0|190.0|271.0|||12.0|51.0|43.0|0.0|19.0|71.0|32.0|181.0|||692.0|852.0|744.0|1024.0|64.0|2689.0|4629.0|4622.0|18375.0|680.0||||||1047.0|2143.0|3445.0|12982.0|201.0|||
||2019|8629.0|4295.0|3927.0|3927.0|311.0|205.0|||357.0|0.0|2696.0|140.0|0.0|518.0|83.0|0.0|101.0||||2931.0|2867.0|415.0|509.0|105.0|95.0|||13.0|48.0|52.0|0.0|18.0|27.0|36.0|185.0|||320.0|230.0|255.0|2493.0|75.0|4155.0|2342.0|7850.0|21538.0|1042.0||||||1320.0|1068.0|3992.0|10900.0|1320.0|||
||2020|8830.0|4487.0|4653.0|1265.0|202.0|119.0|0.0|0.0|931.0|0.0|2906.0|354.0|0.0|535.0|37.0|0.0|60.0|0.0|0.0|0.0|3356.0|3382.0|713.0|786.0|74.0|63.0|0.0|0.0|8.0|12.0|15.0|0.0|18.0|22.0|16.0|51.0|0.0|0.0|160.0|713.0|1076.0|2581.0|240.0|3040.0|3230.0|8900.0|23200.0|1150.0|0.0|0.0|0.0|0.0|0.0|720.0|1150.0|3080.0|8404.0|385.0|0.0|0.0|
||2021|11464.0|3205.0|5769.0|1520.0|120.0|50.0|1.0|0.0|700.0|0.0|2500.0|2087.0|0.0|1300.0|20.0|0.0|30.0|0.0|0.0|0.0|3400.0|3230.0|822.0|830.0|40.0|35.0|0.0|1.0|6.0|5.0|3.0|0.0|4.0|7.0|30.0|125.0|||500.0|537.0|2500.0|3215.0|251.0|3807.0|4096.0|9450.0|29515.0|1950.0|0.0|0.0|0.0|0.0|0.0|2100.0|2260.0|5210.0|9910.0|1320.0|||
|Konya(Taşkent)-1848|2015|107.0|52.0|50.0|25.0|17.0|48.0|||9.0|3.0|27.0|7.0|1.0|21.0|19.0|2.0|14.0||||20.0|13.0|10.0|9.0|8.0|11.0|||12.0|20.0|29.0|3.0|12.0|40.0|28.0|91.0||||||||587.0|411.0|803.0|3507.0|559.0||||||1589.0|1701.0|3022.0|6300.0|451.0|||
||2016|108.0|53.0|52.0|23.0|19.0|50.0|||8.0|2.0|24.0|5.0|2.0|20.0|17.0|1.0|12.0||||18.0|12.0|12.0|10.0|9.0|12.0|||10.0|18.0|25.0|2.0|10.0|30.0|20.0|75.0||||||||536.0|405.0|786.0|3466.0|534.0||||||1519.0|1651.0|2855.0|6175.0|425.0|||
||2017|172.0|79.0|78.0|35.0|30.0|79.0|||21.0|2.0|33.0|10.0|6.0|31.0|27.0|1.0|19.0||||28.0|19.0|19.0|16.0|14.0|19.0|||10.0|18.0|24.0|2.0|10.0|30.0|18.0|72.0||||||||845.0|639.0|1239.0|5465.0|842.0||||||1628.0|1769.0|3060.0|6618.0|456.0|||
||2018|201.0|90.0|95.0|34.0|25.0|79.0|||23.0|1.0|32.0|23.0|3.0|33.0|23.0|1.0|18.0||||35.0|20.0|22.0|17.0|14.0|18.0|||10.0|18.0|24.0|2.0|10.0|30.0|18.0|72.0||||||||929.0|695.0|1360.0|5960.0|914.0||||||1705.0|1850.0|3195.0|6916.0|476.0|||
||2019|203.0|90.0|95.0|34.0|22.0|74.0|||20.0|1.0|32.0|23.0|3.0|33.0|19.0|0.0|19.0||||35.0|21.0|22.0|17.0|15.0|18.0|||10.0|18.0|24.0|2.0|10.0|27.0|18.0|70.0||||||||1083.0|860.0|1677.0|6956.0|1303.0||||||2030.0|2192.0|3651.0|8047.0|330.0|||
||2020|221.0|75.0|64.0|23.0|20.0|44.0|0.0|0.0|18.0|1.0|32.0|17.0|3.0|24.0|9.0|0.0|13.0|0.0|0.0|0.0|34.0|20.0|15.0|13.0|11.0|11.0|0.0|0.0|9.0|14.0|21.0|1.0|8.0|23.0|17.0|64.0|0.0|0.0|0.0|0.0|0.0|0.0|0.0|830.0|700.0|1132.0|5737.0|1034.0|0.0|0.0|0.0|0.0|0.0|1866.0|1804.0|3605.0|8461.0|319.0|0.0|0.0|
||2021|190.0|70.0|54.0|20.0|17.0|36.0|0.0|0.0|16.0|1.0|33.0|15.0|3.0|21.0|7.0|0.0|10.0|0.0|0.0|0.0|27.0|15.0|13.0|12.0|10.0|10.0|0.0|0.0|9.0|14.0|21.0|1.0|8.0|23.0|17.0|64.0|||0.0|0.0|0.0|0.0|0.0|830.0|700.0|1132.0|5737.0|1034.0|0.0|0.0|0.0|0.0|0.0|1866.0|1804.0|3605.0|8461.0|319.0|||
|Konya(Tuzlukçu)-1990|2015|3000.0|900.0|1200.0|180.0|111.0|5.0|||800.0|0.0|562.0|160.0|0.0|190.0|5.0|0.0|9.0||||1010.0|690.0|255.0|200.0|6.0|14.0|||||||||0.0|50.0|||493.0|510.0|1505.0|3050.0|141.0|1058.0|795.0|1275.0|12100.0|485.0||||||90.0|151.0|142.0|395.0|40.0|||
||2016|3020.0|895.0|1095.0|135.0|93.0|4.0|||650.0|0.0|512.0|118.0|0.0|108.0|8.0|0.0|3.0||||1220.0|665.0|298.0|205.0|4.0|12.0|||2.0|2.0|7.0|2.0|||0.0|45.0|||455.0|490.0|1450.0|2925.0|115.0|1150.0|825.0|1355.0|11350.0|392.0||||||100.0|130.0|130.0|425.0|30.0|||
||2017|2856.0|920.0|930.0|134.0|92.0|5.0|||645.0|0.0|500.0|109.0|0.0|98.0|7.0|0.0|3.0||||1035.0|650.0|277.0|196.0|5.0|10.0|||4.0|4.0|3.0|2.0|0.0|1.0|0.0|55.0|||485.0|520.0|1705.0|3305.0|150.0|1290.0|910.0|1575.0|12915.0|500.0||||||135.0|140.0|165.0|700.0|40.0|||
||2018|3846.0|837.0|1182.0|256.0|15.0|0.0|||292.0|0.0|974.0|153.0|0.0|513.0|0.0|0.0|0.0||||449.0|980.0|449.0|306.0|0.0|0.0|||3.0|3.0|3.0|1.0|0.0|10.0|0.0|15.0|||0.0|1628.0|778.0|7504.0|259.0|0.0|2249.0|1075.0|10363.0|360.0||||||0.0|149.0|17.0|459.0|47.0|||
||2019|3784.0|1044.0|1404.0|387.0|12.0|0.0|||159.0|0.0|1334.0|60.0|0.0|494.0|0.0|0.0|0.0||||490.0|1014.0|490.0|376.0|0.0|0.0|||2.0|3.0|3.0|1.0|0.0|5.0|0.0|7.0|||94.0|1472.0|1787.0|6450.0|222.0|131.0|2032.0|2468.0|8999.0|308.0||||||0.0|75.0|106.0|357.0|42.0|||
||2020|3684.0|1467.0|736.0|507.0|6.0|0.0|0.0|0.0|240.0|0.0|1448.0|52.0|0.0|414.0|0.0|0.0|0.0|0.0|0.0|0.0|896.0|634.0|608.0|577.0|0.0|0.0|0.0|0.0|3.0|1.0|3.0|3.0|1.0|8.0|13.0|1.0|0.0|0.0|43.0|401.0|1944.0|7100.0|20.0|690.0|810.0|3965.0|12092.0|650.0|0.0|0.0|0.0|0.0|0.0|12.0|11.0|153.0|411.0|45.0|0.0|0.0|
||2021|4287.0|1639.0|813.0|609.0|5.0|0.0|0.0|0.0|310.0|0.0|1604.0|59.0|0.0|479.0|0.0|0.0|0.0|0.0|0.0|0.0|1030.0|764.0|639.0|679.0|0.0|0.0|0.0|0.0|4.0|0.0|3.0|3.0|0.0|7.0|15.0|1.0|||184.0|823.0|2979.0|8959.0|34.0|842.0|939.0|4872.0|13313.0|712.0|0.0|0.0|0.0|0.0|0.0|25.0|21.0|189.0|523.0|63.0|||
|Konya(Yalıhüyük)-1994|2015|307.0|54.0|50.0|1.0|15.0|0.0|||8.0|0.0|49.0|0.0|0.0|0.0|0.0|0.0|0.0||||58.0|64.0|0.0|0.0|0.0|0.0|||||||||0.0|2.0|||20.0|30.0|50.0|85.0|0.0|10.0|10.0|30.0|50.0|0.0|||||||||||||
||2016|307.0|54.0|50.0|1.0|15.0|0.0|||8.0|0.0|49.0|0.0|0.0|0.0|0.0|0.0|0.0||||58.0|64.0|0.0|0.0|0.0|0.0|||||||||0.0|2.0|||48.0|23.0|10.0|169.0|2.0|12.0|12.0|18.0|32.0|2.0|||||||||||||
||2017|267.0|70.0|16.0|10.0|1.0|0.0|||40.0|0.0|90.0|0.0|0.0|2.0|0.0|0.0|0.0||||43.0|56.0|15.0|18.0|0.0|2.0|||||||||0.0|2.0|||25.0|10.0|118.0|104.0|3.0|15.0|18.0|107.0|55.0|5.0|||||||||||||
||2018|272.0|86.0|23.0|12.0|3.0|0.0|||24.0|0.0|92.0|0.0|0.0|5.0|0.0|0.0|0.0||||45.0|62.0|16.0|20.0|0.0|0.0|||||||||0.0|2.0|||55.0|30.0|120.0|110.0|5.0|45.0|50.0|130.0|97.0|8.0|||||||||||||
||2019|267.0|74.0|36.0|32.0|1.0|0.0|||16.0|2.0|80.0|8.0|0.0|20.0|0.0|0.0|0.0||||40.0|56.0|30.0|28.0|0.0|0.0|||||||||0.0|2.0|||65.0|95.0|150.0|119.0|6.0|47.0|83.0|135.0|100.0|10.0||||||0.0|7.0|0.0|0.0|0.0|||
||2020|209.0|60.0|45.0|28.0|1.0|0.0|0.0|0.0|14.0|2.0|55.0|10.0|0.0|14.0|0.0|0.0|0.0|0.0|0.0|0.0|56.0|54.0|26.0|31.0|0.0|0.0|0.0|0.0|0.0|0.0|0.0|0.0|0.0|0.0|0.0|0.0|0.0|0.0|102.0|100.0|120.0|112.0|12.0|64.0|68.0|105.0|105.0|8.0|0.0|0.0|0.0|0.0|0.0|10.0|82.0|55.0|0.0|0.0|0.0|0.0|
||2021|201.0|45.0|48.0|32.0|1.0|0.0|0.0|0.0|12.0|0.0|64.0|3.0|0.0|23.0|0.0|0.0|0.0|0.0|0.0|0.0|50.0|56.0|34.0|36.0|0.0|0.0|0.0|0.0|0.0|0.0|0.0|0.0|0.0|0.0|0.0|0.0|||120.0|128.0|158.0|132.0|15.0|72.0|75.0|138.0|128.0|10.0|0.0|0.0|0.0|0.0|0.0|8.0|89.0|67.0|55.0|5.0|||
|Konya(Yunak)-1735|2015|4200.0|1180.0|1650.0|546.0|190.0|242.0|||420.0|0.0|980.0|185.0|0.0|430.0|0.0|0.0|150.0||||1085.0|901.0|580.0|450.0|190.0|135.0|||5.0|14.0|0.0|0.0|||45.0|210.0|||500.0|450.0|1300.0|2100.0|310.0|4150.0|2100.0|6100.0|35000.0|720.0||||||165.0|210.0|195.0|367.0|18.0|||
||2016|4250.0|1170.0|1670.0|552.0|198.0|251.0|||400.0|0.0|990.0|191.0|0.0|445.0|0.0|0.0|140.0||||1100.0|907.0|575.0|435.0|197.0|128.0|||6.0|15.0|0.0|0.0|||40.0|215.0|||485.0|465.0|1320.0|1120.0|305.0|4100.0|2115.0|6120.0|35200.0|725.0||||||170.0|220.0|200.0|371.0|19.0|||
||2017|3025.0|880.0|923.0|445.0|200.0|245.0|||310.0|0.0|775.0|135.0|0.0|302.0|0.0|0.0|145.0||||890.0|610.0|450.0|335.0|200.0|130.0|||6.0|16.0|0.0|0.0|||42.0|217.0|||490.0|470.0|1300.0|1110.0|300.0|4115.0|2120.0|6125.0|26240.0|730.0||||||175.0|225.0|205.0|375.0|20.0|||
||2018|4537.0|1320.0|1384.0|600.0|200.0|245.0|||465.0|0.0|1162.0|202.0|0.0|460.0|0.0|0.0|145.0||||1335.0|915.0|600.0|502.0|200.0|130.0|||7.0|17.0|0.0|0.0|||44.0|218.0|||735.0|705.0|1950.0|1665.0|450.0|6172.0|3180.0|9187.0|39360.0|1095.0||||||262.0|337.0|307.0|562.0|30.0|||
||2019|4270.0|1500.0|1500.0|800.0|245.0|270.0|||600.0|0.0|1600.0|225.0|0.0|600.0|0.0|0.0|160.0||||2000.0|1000.0|630.0|545.0|230.0|150.0|||5.0|7.0|0.0|0.0|||48.0|187.0|||780.0|780.0|2000.0|1690.0|500.0|6300.0|3250.0|9500.0|34430.0|1150.0||||||300.0|330.0|340.0|600.0|50.0|||
||2020|4482.0|1756.0|1156.0|554.0|195.0|243.0|0.0|0.0|732.0|0.0|1753.0|192.0|0.0|481.0|0.0|0.0|136.0|0.0|0.0|0.0|2967.0|1070.0|401.0|304.0|103.0|126.0|0.0|0.0|0.0|0.0|0.0|0.0|15.0|20.0|15.0|15.0|0.0|0.0|1010.0|1000.0|2000.0|2000.0|1000.0|10000.0|10000.0|9000.0|30000.0|1000.0|0.0|0.0|0.0|0.0|0.0|1200.0|1400.0|300.0|1300.0|400.0|0.0|0.0|
||2021|3225.0|1130.0|3700.0|2200.0|65.0|25.0|0.0|0.0|580.0|0.0|412.0|1100.0|0.0|700.0|3.0|0.0|4.0|0.0|0.0|0.0|800.0|600.0|650.0|795.0|5.0|6.0|0.0|0.0|0.0|0.0|0.0|0.0|12.0|17.0|12.0|18.0|||1594.0|2550.0|3500.0|3600.0|856.0|20000.0|25000.0|11000.0|50000.0|4400.0|0.0|0.0|0.0|0.0|0.0|250.0|600.0|900.0|1600.0|150.0|||
|||||||||||||||||||||||||||||||||||||||||||||||||||||||||||||||
