Tarih;soðan yeþil (yerli);TURP KIRMIZI (yerli);SEMÝZ OTU(Bað) yerli;ARMUT (Yerli);BÝBER Çarli (Yerli);MAYDONOZ (Yerli) Bað;KÝRAZ (Yerli);BÝBER Kýl (Yerli);HAVUÇ;VÝÞNE (yerli);BÝBER Sivri (Yerli);SALATALIK (Yerli);PATLICAN (Yerli);KAYISI (Yerli);MARUL (Yerli)Adet;KABAK (Yerli);FASULYE (Yerli);DOMATES (Yerli);BÝBER Dolma (Yerli);KABAK (Beyaz);MISIR (Taze)Adet;Patates(II.);DOMATES (Çeri);MARUL (Mor)Adet;MARUL (Muhtelif)Adet;MARUL (Aysberk)Adet;BÝBER (Köy);BROKOLÝ;patates (taze);DOMATES (II);SOGAN Taze (Yeþil);BÝBER (II);ROKA(Bað);Patates;PIRASA;PAZI;BARBUNYA;TURP muhtelif;TERE;SOGAN (Göðer);SALATALIK (Silor);SALATALIK (Muhtelif);SOGAN (Kýrmýzý);SOGAN (Kuru);SARIMSAK (Kuru);SARIMSAK (Taze);SEMÝZ OTU(Bað);PANCAR (Kýrmýzý);SALATALIK (Korniþon);LAHANA (Bürüksel);ASMA YAPRAÐI;HIRTLAK;Domates (köy);KARPUZ (Ýthal);FASULYE (Muhtelif);FESLEÐEN(REYHAN)Bað;ISPANAK;KARNABAHAR;KEREVÝZ;KABAK (Kara);KABAK (Bal);KAVUN (Ýthal);ENGÝNAR(Adet);DERE OTU (Bað);BAKLA;BEZELYE (Araka);BÝBER (Sivri);BÝBER (Dolma);BÝBER (Çarli);BÝBER (Cin);BÝBER Salçalýk (Kapya);biber kýl;LAHANA (Beyaz);LAHANA (Mor);BÝBER (Kýl);PATLICAN (Kemer);MANDALÝN (II);DOMATES (Salkým);DOMATES (Muhtelif);DOMETES (Salçalýk);SALATALIK (II);SOÐAN (II);LÝMON (II);NANE(Bað);PATLICAN (Topak);MANTAR (Kültür);MAYDONOZ (Bað);patates;BAMYA;EKÞÝ OT (Bað);ÝNCÝR;KESTANE;HURMA;NAR;MANDALÝN (Muhtelif);ÞEFTALÝ YERLÝ;PORTAKAL (Finike);ARMUT (Ank.);MANDALÝNA (satsuma);ELMA (II);PORTAKAL (II);FINDIK TAZE;ZENCEFÝL (Taze );PORTAKAL (Muhtelif);KIZILCIK;NOHUT (Taze);NEKTARÝ;ÇAÐLA;KÝVÝ;MUZ (Ýthal);MUZ (Yerli);NAR çekirdeksiz;CEVÝZ;DUT;ERÝK (Muhtelif);LÝMON;HÝNDÝSTAN CEVÝZÝ(Adet);GREYFURT;AYVA;ÇÝLEK;ERÝK (Can-Papaz);ELMA (Golden);ELMA (Starking);ELMA (Amasya);ELMA (Ýthal);ELMA (Muhtelif);AVAKADO;KARPUZ (Muhtelif);ÞEFTALÝ (Nektari);TERMÝYE;LÝMON(yatak);ÜZÜM (Siyah);ÜZÜM (Çekirdeksiz);ÜZÜM (Muhtelif);YER ELMASI;YENÝ DÜNYA (Malta);ÞEFTALÝ (Muhtelif);ANANAS;KÝRAZ (Beyaz);KÝRAZ (Muhtelif);KAYISI (Muhtelif);MANDALÝN (King);MUÞMULA (Döngel);PORTAKAL (Washington);ELMA ARJANTÝN;KAVUN (Muhtelif);ARMUT
2021-06-24;0.50;9.00;2.00;1.50;2.50;1.00;2.50;1.50;1.00;1.50;2.00;6.00;3.00;0.50;1.40;1.00;0.50;1.50;0.70;3.00;0.80;8.00;5.00;1.00;1.50;2.00;3.00;1.00;2.00;3.00;2.00;1.00;5.00;0.50;3.00;2.00;1.50;1.50;3.00;2.00;0.70;1.00;5.00;1.00;2.00;1.80;0.70;1.50;7.00;0.50;0.50;20.00;3.00;4.00;7.00;11.00;7.00;3.00;4.00;6.00;3.00;9.00;3.50;3.00;2.00;7.00;0.50;4.00;3.00;2.00;4.00;8.00;5.00;3.00;1.50;5.00;;;;;;;;;;;;;;;;;;;;;;;;;;;;;;;;;;;;;;;;;;;;;;;;;;;;;;;;;;;;;;;;;;;;;;;
2021-06-21;0.50;9.00;2.00;2.00;1.50;2.50;1.00;2.50;1.50;1.00;1.50;2.00;6.00;3.00;0.50;1.40;1.00;0.50;1.50;0.70;3.00;0.80;10.00;5.00;1.00;1.50;2.00;4.00;1.00;2.00;3.00;2.00;1.00;5.00;0.50;3.00;2.50;1.50;1.50;3.00;2.00;0.70;1.00;5.00;1.00;2.00;1.80;0.70;1.50;7.00;0.50;0.50;20.00;3.00;4.00;7.00;11.00;7.00;3.00;4.00;6.00;3.00;9.00;10.00;3.50;3.00;2.00;7.00;0.50;4.00;4.00;2.00;4.00;8.00;5.00;3.00;1.50;3.00;;;;;;;;;;;;;;;;;;;;;;;;;;;;;;;;;;;;;;;;;;;;;;;;;;;;;;;;;;;;;;;;;;;;;
2021-06-14;2.00;2.50;1.00;2.50;1.50;1.00;1.50;2.00;6.00;3.00;0.50;1.40;1.00;0.50;1.50;0.70;3.00;0.80;10.00;5.00;1.00;1.50;2.00;4.00;1.00;2.00;3.00;2.00;1.00;5.00;0.50;3.00;2.50;2.50;1.50;3.00;4.00;0.70;1.00;5.00;1.00;2.00;1.80;0.70;1.50;7.00;0.50;0.50;4.50;20.00;3.00;4.00;7.00;11.00;7.00;5.00;3.00;4.00;6.00;3.00;9.00;10.00;3.50;3.00;2.00;7.00;0.50;10.00;8.00;2.00;3.00;5.00;8.00;5.00;3.00;2.00;3.00;;;;;;;;;;;;;;;;;;;;;;;;;;;;;;;;;;;;;;;;;;;;;;;;;;;;;;;;;;;;;;;;;;;;;;
2021-06-10;2.00;1.00;2.50;1.50;1.00;1.50;2.00;6.00;3.00;0.50;1.40;1.00;0.50;1.50;0.70;3.00;0.80;25.00;10.00;1.00;1.50;2.00;4.00;1.00;1.50;3.00;2.00;1.00;5.00;0.50;3.00;2.00;2.50;1.50;3.00;6.00;0.70;1.00;5.00;2.00;2.00;1.50;0.70;1.50;7.00;0.50;0.50;4.50;20.00;3.00;4.00;7.00;11.00;7.00;5.00;5.00;4.00;6.00;3.00;7.00;3.50;3.00;2.00;7.00;0.50;10.00;10.00;2.00;3.00;5.00;8.00;5.00;5.00;2.00;3.00;;;;;;;;;;;;;;;;;;;;;;;;;;;;;;;;;;;;;;;;;;;;;;;;;;;;;;;;;;;;;;;;;;;;;;;;
2021-06-07;2.00;1.00;2.50;1.50;1.00;1.50;2.00;6.00;3.00;0.50;1.40;1.00;0.50;1.50;0.70;3.00;0.80;10.00;5.00;1.00;1.50;2.00;4.00;1.00;1.50;3.00;2.00;1.00;5.00;0.50;3.00;2.00;2.50;1.50;3.00;6.00;0.70;1.00;5.00;2.00;2.00;1.80;0.70;1.50;7.00;0.50;0.50;4.50;20.00;3.00;4.00;7.00;11.00;7.00;5.00;5.00;4.00;6.00;3.00;7.00;3.50;3.00;2.00;7.00;0.50;10.00;10.00;2.00;3.00;5.00;8.00;5.00;5.00;2.00;3.00;;;;;;;;;;;;;;;;;;;;;;;;;;;;;;;;;;;;;;;;;;;;;;;;;;;;;;;;;;;;;;;;;;;;;;;;
2021-06-03;2.00;1.00;2.50;1.50;1.00;1.50;2.00;6.00;3.00;0.50;1.00;1.00;0.50;1.50;0.70;3.00;0.80;10.00;5.00;1.00;1.50;2.00;4.00;1.00;1.50;3.00;2.00;1.00;5.00;0.50;3.00;2.00;2.50;1.50;3.00;6.00;0.70;1.00;5.00;2.00;2.00;1.80;0.70;1.50;7.00;0.50;0.50;4.50;20.00;3.00;4.00;7.00;11.00;7.00;5.00;5.00;4.00;6.00;3.00;7.00;3.50;3.00;2.00;7.00;1.00;10.00;10.00;2.00;3.00;5.00;8.00;5.00;5.00;2.00;3.00;;;;;;;;;;;;;;;;;;;;;;;;;;;;;;;;;;;;;;;;;;;;;;;;;;;;;;;;;;;;;;;;;;;;;;;;
2021-05-31;2.00;1.00;2.50;1.50;1.00;1.50;2.00;6.00;3.00;0.50;1.00;1.00;0.50;1.50;0.70;3.00;0.80;10.00;5.00;1.00;1.50;2.00;4.00;1.00;1.50;1.50;2.00;1.00;5.00;0.50;3.00;2.00;2.50;1.50;3.00;6.00;0.70;4.00;2.00;2.00;1.80;0.70;1.50;7.00;0.50;0.50;4.50;20.00;3.00;3.00;5.00;7.00;11.00;7.00;5.00;5.00;6.00;3.00;7.00;3.50;3.00;2.00;7.00;1.00;10.00;10.00;2.00;3.00;5.00;8.00;5.00;5.00;2.00;3.00;;;;;;;;;;;;;;;;;;;;;;;;;;;;;;;;;;;;;;;;;;;;;;;;;;;;;;;;;;;;;;;;;;;;;;;;;
2021-05-27;2.00;1.00;2.00;1.50;1.50;1.50;2.00;6.00;3.00;0.50;1.00;1.00;0.50;1.50;0.70;3.00;0.80;10.00;5.00;1.00;1.50;2.00;4.00;1.00;1.00;1.50;2.00;1.00;5.00;0.50;3.00;2.00;2.50;1.50;3.00;6.00;0.70;1.00;3.00;2.00;2.00;1.80;0.70;1.50;7.00;0.50;0.50;4.50;20.00;3.50;3.00;5.00;7.00;11.00;7.00;5.00;5.00;4.00;6.00;3.00;7.00;3.50;3.00;2.00;7.00;1.00;10.00;10.00;2.00;3.00;5.00;8.00;5.00;5.00;2.00;3.00;;;;;;;;;;;;;;;;;;;;;;;;;;;;;;;;;;;;;;;;;;;;;;;;;;;;;;;;;;;;;;;;;;;;;;;
2021-05-24;2.00;1.00;3.00;1.50;1.50;1.50;2.00;6.00;3.00;0.50;1.50;1.00;0.50;1.50;0.70;3.00;0.80;10.00;5.00;1.00;1.50;2.50;4.00;1.00;1.50;1.50;2.00;1.00;1.00;5.00;0.50;3.00;2.00;2.50;1.50;3.00;6.00;0.70;1.00;3.00;2.00;2.50;1.80;0.70;1.50;7.00;0.50;0.50;20.00;3.50;3.00;7.00;11.00;7.00;8.00;5.00;4.00;6.00;3.00;7.00;3.50;3.00;2.00;7.00;2.00;2.00;3.00;10.00;4.00;3.00;;;;;;;;;;;;;;;;;;;;;;;;;;;;;;;;;;;;;;;;;;;;;;;;;;;;;;;;;;;;;;;;;;;;;;;;;;;;;
2021-05-20;2.00;1.00;3.00;2.50;2.50;3.00;2.00;6.00;3.00;0.50;1.80;1.00;1.50;0.50;1.50;0.70;3.00;0.80;15.00;5.00;1.00;1.50;2.50;4.00;1.00;1.50;1.50;2.00;1.00;1.00;5.00;0.50;3.00;2.00;2.50;2.00;4.00;7.00;0.70;1.00;3.00;2.00;3.00;2.50;0.70;1.50;7.00;0.50;0.50;10.00;4.50;20.00;3.50;3.00;7.00;11.00;7.00;8.00;5.00;4.00;6.00;1.20;3.00;7.00;3.50;3.00;2.00;7.00;2.00;2.00;3.00;10.00;4.00;3.00;;;;;;;;;;;;;;;;;;;;;;;;;;;;;;;;;;;;;;;;;;;;;;;;;;;;;;;;;;;;;;;;;;;;;;;;;
2021-05-17;1.00;1.50;5.00;2.50;2.50;3.00;2.50;6.00;3.00;0.50;1.80;1.00;1.50;0.50;1.50;1.00;3.00;0.80;15.00;1.00;1.50;2.50;4.00;1.00;1.50;1.00;2.00;1.50;1.00;5.00;0.50;3.00;2.50;2.50;2.00;10.00;7.00;0.70;1.00;3.00;2.00;3.00;2.50;0.70;1.50;7.00;0.50;0.50;10.00;4.50;20.00;3.50;3.00;11.00;7.00;11.00;7.00;8.00;5.00;4.00;6.00;1.20;3.00;9.00;3.50;3.00;2.00;7.00;3.50;2.00;3.00;10.00;5.00;3.00;;;;;;;;;;;;;;;;;;;;;;;;;;;;;;;;;;;;;;;;;;;;;;;;;;;;;;;;;;;;;;;;;;;;;;;;;
2021-05-06;1.00;1.50;5.00;2.50;3.00;2.50;6.00;1.50;3.00;0.50;0.80;1.00;1.50;0.50;1.50;1.00;3.00;0.80;15.00;1.00;1.50;3.00;4.00;1.00;1.50;1.00;2.00;1.50;1.00;0.50;3.00;2.50;2.50;2.00;10.00;7.00;0.70;1.00;2.50;2.00;3.00;2.50;0.70;1.50;7.00;0.50;10.00;4.50;20.00;2.00;3.00;11.00;7.00;11.00;7.00;3.00;6.00;1.20;3.00;9.00;7.00;5.00;2.00;3.00;10.00;5.00;3.00;;;;;;;;;;;;;;;;;;;;;;;;;;;;;;;;;;;;;;;;;;;;;;;;;;;;;;;;;;;;;;;;;;;;;;;;;;;;;;;;
2021-05-03;1.00;1.50;5.00;2.50;2.50;3.00;3.00;6.00;1.50;3.00;0.50;0.80;1.00;1.50;0.50;1.50;1.00;3.00;0.80;15.00;1.00;1.50;3.00;4.00;1.00;1.50;1.00;2.00;1.50;1.00;5.00;0.50;3.00;3.00;3.00;2.50;10.00;8.50;0.70;1.00;3.00;1.50;3.00;2.50;0.70;1.50;7.00;0.50;0.50;10.00;4.50;20.00;2.00;11.00;7.00;11.00;7.00;8.00;5.00;3.00;6.00;1.20;3.00;9.00;3.50;3.00;2.00;7.00;5.00;2.00;3.00;10.00;3.00;;;;;;;;;;;;;;;;;;;;;;;;;;;;;;;;;;;;;;;;;;;;;;;;;;;;;;;;;;;;;;;;;;;;;;;;;;
2021-04-29;1.00;2.50;7.00;2.50;3.00;3.50;3.00;6.00;1.50;3.00;0.50;0.80;1.00;1.50;0.50;3.00;2.00;3.00;0.80;15.00;1.00;1.50;4.00;8.00;1.00;1.50;1.00;2.00;2.50;1.00;5.00;0.50;3.00;3.00;4.00;3.50;13.00;8.50;0.70;1.00;4.00;2.00;4.00;2.50;0.70;1.50;7.00;0.50;0.50;10.00;4.50;20.00;2.00;11.00;7.00;11.00;7.00;15.00;5.00;3.00;6.00;1.20;3.00;9.00;3.50;3.00;2.00;7.00;5.00;2.00;4.00;10.00;6.00;3.00;;;;;;;;;;;;;;;;;;;;;;;;;;;;;;;;;;;;;;;;;;;;;;;;;;;;;;;;;;;;;;;;;;;;;;;;;
2021-04-26;1.00;2.50;8.00;2.50;3.00;3.50;3.50;6.00;1.50;3.00;0.50;2.00;1.50;0.50;2.50;2.00;3.00;0.80;15.00;1.00;1.50;4.00;8.00;1.00;1.50;1.00;2.00;2.50;1.00;5.00;0.50;3.00;4.00;5.00;3.50;13.00;8.50;0.70;1.00;4.00;2.00;3.50;2.50;0.70;1.50;7.00;0.50;0.80;0.50;10.00;4.50;20.00;2.00;11.00;7.00;11.00;7.00;15.00;5.00;3.00;6.00;1.20;3.00;7.00;3.50;3.00;2.00;7.00;5.00;2.00;4.00;10.00;6.00;3.00;;;;;;;;;;;;;;;;;;;;;;;;;;;;;;;;;;;;;;;;;;;;;;;;;;;;;;;;;;;;;;;;;;;;;;;;;
2021-04-22;1.00;2.50;8.00;2.50;3.00;5.00;6.00;2.00;3.00;0.50;0.80;1.50;1.50;0.50;3.50;2.80;0.80;15.00;1.00;1.50;4.50;6.00;1.00;1.50;1.50;2.00;2.50;1.00;5.00;0.50;3.00;6.00;6.00;6.00;13.00;8.50;0.70;1.00;8.00;2.50;4.50;3.50;0.70;2.00;7.00;0.50;0.50;10.00;4.50;20.00;2.00;6.00;7.00;11.00;7.00;13.00;5.00;3.00;6.00;1.20;3.00;7.00;3.50;3.00;2.00;7.00;5.00;2.00;5.00;10.00;7.00;3.00;;;;;;;;;;;;;;;;;;;;;;;;;;;;;;;;;;;;;;;;;;;;;;;;;;;;;;;;;;;;;;;;;;;;;;;;;;;
2021-04-19;1.00;2.50;8.00;2.50;3.50;8.00;6.00;2.50;3.00;0.50;0.80;2.00;1.00;0.50;4.50;3.00;3.00;15.00;1.00;1.50;4.50;8.00;1.00;1.50;1.50;2.00;2.50;1.00;5.00;0.50;3.00;8.00;6.00;6.00;13.00;8.50;0.70;1.00;10.00;3.00;4.50;3.50;0.70;2.00;7.00;0.50;0.50;10.00;4.50;20.00;2.00;13.00;7.00;11.00;7.00;15.00;5.00;3.00;6.00;1.20;3.00;7.00;3.50;3.00;2.00;7.00;5.00;2.00;5.00;10.00;7.00;3.00;;;;;;;;;;;;;;;;;;;;;;;;;;;;;;;;;;;;;;;;;;;;;;;;;;;;;;;;;;;;;;;;;;;;;;;;;;;
2021-04-15;1.00;2.50;8.00;2.50;3.00;3.50;8.00;6.00;2.50;3.00;0.50;0.80;2.00;1.50;0.50;5.00;3.50;3.00;0.80;15.00;1.00;1.50;4.50;8.00;1.00;1.50;3.00;2.00;2.50;1.00;5.00;0.50;3.00;8.00;6.00;6.00;13.00;8.50;0.70;1.00;10.00;2.00;4.50;3.50;0.70;2.00;7.00;0.50;0.50;10.00;4.50;25.00;2.00;12.00;7.00;11.00;7.00;15.00;5.00;3.00;6.00;1.20;3.00;7.00;3.50;3.00;2.00;7.00;4.00;2.00;6.00;10.00;7.00;3.00;;;;;;;;;;;;;;;;;;;;;;;;;;;;;;;;;;;;;;;;;;;;;;;;;;;;;;;;;;;;;;;;;;;;;;;;;
2021-04-12;1.00;2.00;7.00;2.50;3.50;8.00;6.00;3.00;0.50;0.80;1.50;1.50;0.50;2.00;2.00;3.00;0.80;15.00;1.00;1.50;4.50;8.00;1.00;1.00;3.00;2.00;2.00;1.00;5.00;0.50;3.00;8.00;6.00;6.00;15.00;8.50;0.70;1.00;10.00;2.00;4.00;3.50;0.50;2.00;7.00;0.50;8.00;10.00;2.50;4.50;5.00;20.00;2.00;12.00;7.00;11.00;7.00;15.00;5.00;3.00;6.00;1.20;3.00;7.00;3.50;3.00;2.00;7.00;4.00;2.00;8.00;10.00;7.00;3.00;;;;;;;;;;;;;;;;;;;;;;;;;;;;;;;;;;;;;;;;;;;;;;;;;;;;;;;;;;;;;;;;;;;;;;;;;
2021-03-29;1.00;2.00;6.00;1.50;1.00;2.00;7.00;5.00;4.00;0.50;0.80;1.50;1.00;0.50;3.00;2.50;3.00;0.80;15.00;1.00;1.50;4.00;10.00;0.70;1.00;2.50;2.00;2.00;1.00;5.00;0.50;4.00;7.00;4.50;6.00;15.00;8.50;0.70;1.00;10.00;3.00;2.50;4.00;3.00;0.50;3.00;7.00;0.50;0.50;8.00;6.00;2.50;4.50;5.00;20.00;2.00;20.00;7.00;11.00;7.00;15.00;5.00;2.00;6.00;1.20;3.00;10.00;3.50;3.00;2.00;7.00;4.00;2.00;20.00;8.00;3.00;;;;;;;;;;;;;;;;;;;;;;;;;;;;;;;;;;;;;;;;;;;;;;;;;;;;;;;;;;;;;;;;;;;;;;;
2021-03-25;0.50;1.00;2.50;6.00;1.50;1.00;2.00;7.00;5.00;4.00;0.50;0.80;1.50;1.00;0.50;3.00;3.00;3.00;0.80;15.00;1.00;1.50;4.00;10.00;0.70;1.00;2.50;2.00;2.00;1.00;5.00;0.50;4.00;7.00;4.50;6.00;15.00;8.50;0.70;1.00;10.00;3.00;4.00;3.00;0.50;3.00;7.00;0.50;8.00;6.00;2.50;4.50;5.00;20.00;2.00;20.00;7.00;11.00;7.00;15.00;5.00;2.00;6.00;1.20;3.00;10.00;3.50;3.00;2.00;7.00;6.00;4.00;2.00;20.00;8.00;3.00;;;;;;;;;;;;;;;;;;;;;;;;;;;;;;;;;;;;;;;;;;;;;;;;;;;;;;;;;;;;;;;;;;;;;;;
2021-03-22;1.00;1.50;1.00;2.00;7.00;5.00;4.50;0.50;0.80;1.50;4.00;1.00;0.50;8.00;3.00;3.00;3.00;0.80;15.00;1.00;1.50;10.00;0.70;1.00;2.50;2.00;2.00;1.00;5.00;0.50;4.00;7.00;5.00;6.00;15.00;8.50;0.70;1.00;13.00;3.00;3.00;0.50;3.00;7.00;0.50;8.00;6.00;2.50;4.50;5.00;20.00;2.00;20.00;7.00;11.00;7.00;20.00;2.00;6.00;1.20;3.00;10.00;3.50;3.00;2.00;7.00;4.00;4.00;4.00;2.00;20.00;7.00;3.00;;;;;;;;;;;;;;;;;;;;;;;;;;;;;;;;;;;;;;;;;;;;;;;;;;;;;;;;;;;;;;;;;;;;;;;;;;
2021-03-18;1.00;2.50;6.00;1.50;1.00;2.00;8.00;5.00;4.50;0.50;0.80;1.50;1.00;0.50;3.50;3.00;3.00;0.80;15.00;1.00;1.50;4.00;10.00;0.70;1.00;2.50;2.00;2.00;1.00;5.00;0.50;4.00;7.00;5.50;6.00;15.00;8.50;0.70;1.00;13.00;3.00;4.00;3.00;0.50;3.00;7.00;0.50;0.50;8.00;6.00;2.50;4.50;5.00;20.00;2.00;20.00;7.00;11.00;7.00;20.00;5.00;2.00;6.00;1.20;3.00;10.00;3.50;3.00;2.00;7.00;4.00;4.00;2.00;20.00;8.00;4.00;3.00;;;;;;;;;;;;;;;;;;;;;;;;;;;;;;;;;;;;;;;;;;;;;;;;;;;;;;;;;;;;;;;;;;;;;;
2021-03-17;1.00;2.50;6.00;1.50;2.00;9.00;5.00;4.00;0.50;0.80;1.50;1.00;0.50;3.50;2.50;3.00;0.80;15.00;1.00;1.50;4.00;10.00;0.70;1.00;2.00;2.00;2.50;1.00;5.00;0.50;4.00;8.00;6.00;6.50;15.00;8.50;0.70;1.00;13.00;3.50;3.50;2.50;0.50;3.50;0.50;0.50;8.00;6.00;4.50;5.00;20.00;2.00;20.00;7.00;11.00;7.00;20.00;5.00;6.00;1.20;3.00;10.00;3.50;3.00;2.00;7.00;4.00;4.00;2.00;20.00;8.00;4.00;3.00;;;;;;;;;;;;;;;;;;;;;;;;;;;;;;;;;;;;;;;;;;;;;;;;;;;;;;;;;;;;;;;;;;;;;;;;;;
2021-03-12;0.80;0.80;;;;;;;;;;;;;;;;;;;;;;;;;;;;;;;;;;;;;;;;;;;;;;;;;;;;;;;;;;;;;;;;;;;;;;;;;;;;;;;;;;;;;;;;;;;;;;;;;;;;;;;;;;;;;;;;;;;;;;;;;;;;;;;;;;;;;;;;;;;;;;;;;
2021-03-11;1.00;2.50;6.00;1.50;1.00;2.00;9.00;5.00;4.00;0.50;0.80;1.50;1.00;0.50;3.50;2.50;3.00;15.00;1.00;1.50;4.00;10.00;0.70;1.00;2.00;2.00;2.50;1.00;5.00;0.50;4.00;8.00;7.00;6.50;15.00;7.00;0.70;1.00;15.00;3.50;3.50;2.50;0.50;3.50;7.00;0.50;0.50;8.00;6.00;2.50;4.50;5.00;20.00;2.00;7.00;11.00;7.00;5.00;2.00;6.00;1.20;3.00;10.00;3.50;3.00;2.00;7.00;4.00;4.00;2.00;20.00;8.00;4.00;3.00;;;;;;;;;;;;;;;;;;;;;;;;;;;;;;;;;;;;;;;;;;;;;;;;;;;;;;;;;;;;;;;;;;;;;;;;;
2021-03-08;2.00;20.00;1.00;5.00;1.00;15.00;2.00;0.80;1.50;7.00;1.00;2.00;9.00;5.00;1.50;4.00;1.00;8.00;1.50;4.00;10.00;0.70;1.00;2.00;2.00;2.50;1.00;5.00;0.50;4.00;8.00;6.50;15.00;7.00;0.70;1.00;15.00;4.50;2.50;0.50;4.50;7.00;0.50;4.50;5.00;20.00;20.00;2.00;8.00;7.00;11.00;6.00;6.00;1.20;3.00;10.00;3.50;2.00;2.00;7.00;0.50;4.00;3.50;2.50;2.50;8.00;3.00;;;;;;;;;;;;;;;;;;;;;;;;;;;;;;;;;;;;;;;;;;;;;;;;;;;;;;;;;;;;;;;;;;;;;;;;;;;;;;;;
2021-03-04;1.00;2.50;4.00;1.50;1.00;2.00;8.00;3.50;4.00;0.50;0.80;1.50;1.00;0.50;5.00;2.50;2.00;1.00;15.00;0.70;1.50;3.00;10.00;0.70;1.00;3.00;2.00;2.50;1.00;5.00;0.50;4.00;7.00;6.00;5.50;15.00;5.00;0.70;1.00;13.00;4.50;3.00;1.50;0.50;4.50;7.00;0.50;0.50;8.00;6.00;2.50;4.50;5.00;20.00;2.00;7.00;11.00;7.00;5.00;2.00;6.00;1.20;3.00;10.00;2.00;7.00;3.00;4.00;2.00;20.00;8.00;4.00;3.00;;;;;;;;;;;;;;;;;;;;;;;;;;;;;;;;;;;;;;;;;;;;;;;;;;;;;;;;;;;;;;;;;;;;;;;;;;
2021-03-01;1.00;2.50;4.00;1.50;1.00;2.00;6.00;3.50;4.00;0.50;0.80;1.00;1.00;0.50;5.00;3.00;2.00;15.00;0.70;1.50;3.00;10.00;0.70;1.00;3.00;2.00;2.50;1.00;5.00;0.50;4.00;6.00;5.00;5.00;10.00;5.00;0.70;1.00;12.00;4.50;2.00;1.50;0.50;4.50;7.00;0.50;0.50;8.00;6.00;2.50;4.50;5.00;20.00;2.00;7.00;11.00;7.00;5.00;2.00;6.00;1.20;3.00;10.00;2.00;7.00;2.50;4.00;2.00;8.00;4.00;3.00;;;;;;;;;;;;;;;;;;;;;;;;;;;;;;;;;;;;;;;;;;;;;;;;;;;;;;;;;;;;;;;;;;;;;;;;;;;;
2021-02-25;1.00;2.50;4.00;1.50;1.50;2.50;5.00;2.50;3.00;0.50;1.00;1.00;1.00;0.50;6.00;3.50;2.00;1.00;15.00;0.70;1.50;3.00;10.00;0.70;1.00;1.50;3.00;2.50;1.00;4.00;0.50;5.00;5.00;4.00;7.00;5.00;1.00;1.50;10.00;3.00;2.00;2.00;0.80;3.00;7.00;0.50;0.50;15.00;10.00;6.00;2.50;4.50;4.50;35.00;2.00;7.00;11.00;7.00;5.00;2.00;6.00;1.20;3.00;10.00;2.00;7.00;2.50;4.00;4.00;2.00;8.00;4.00;3.00;;;;;;;;;;;;;;;;;;;;;;;;;;;;;;;;;;;;;;;;;;;;;;;;;;;;;;;;;;;;;;;;;;;;;;;;;;
2021-02-22;1.00;2.50;4.00;1.50;1.50;2.50;6.00;2.50;3.00;0.50;1.00;1.00;1.00;0.50;6.00;3.50;2.00;1.00;15.00;0.70;1.50;3.00;10.00;0.70;1.00;1.50;3.00;2.50;1.00;5.00;0.50;5.00;5.00;4.00;7.00;5.00;1.00;1.50;10.00;3.00;2.50;2.00;0.80;3.00;7.00;0.50;0.50;15.00;10.00;6.00;2.50;4.00;4.50;35.00;2.00;7.00;11.00;6.00;5.00;2.00;6.00;1.20;3.00;8.00;2.00;7.00;2.50;4.00;4.00;2.00;8.00;4.00;3.00;;;;;;;;;;;;;;;;;;;;;;;;;;;;;;;;;;;;;;;;;;;;;;;;;;;;;;;;;;;;;;;;;;;;;;;;;;
2021-02-18;1.00;2.50;5.00;1.50;1.50;2.50;6.50;2.50;3.00;0.50;1.00;1.00;1.00;0.50;6.00;3.50;2.00;1.00;15.00;0.70;1.50;3.00;10.00;0.70;1.00;1.00;3.00;2.50;1.00;5.00;0.50;6.00;5.00;5.00;7.00;5.00;1.00;1.50;10.00;3.00;2.50;2.00;0.80;3.00;7.00;0.50;0.50;15.00;10.00;4.00;2.50;4.00;4.50;35.00;2.00;7.00;11.00;6.00;5.00;2.00;6.00;1.20;3.00;8.00;2.00;7.00;2.50;4.00;4.00;2.00;8.00;4.00;3.00;;;;;;;;;;;;;;;;;;;;;;;;;;;;;;;;;;;;;;;;;;;;;;;;;;;;;;;;;;;;;;;;;;;;;;;;;;
2021-02-15;1.00;2.50;5.00;1.50;1.50;2.50;6.50;2.50;3.00;0.50;1.00;1.00;1.00;0.50;6.00;3.50;2.00;1.00;15.00;0.70;1.50;3.00;10.00;0.70;1.00;1.00;3.00;2.50;1.00;5.00;0.50;6.00;5.00;5.00;7.00;5.00;1.00;1.50;10.00;3.00;3.00;2.00;0.80;3.00;7.00;0.50;0.50;15.00;8.00;4.00;2.50;4.00;4.50;35.00;2.00;7.00;11.00;6.00;5.00;2.00;6.00;1.20;3.00;10.00;2.00;7.00;2.50;4.00;4.00;2.00;8.00;4.00;3.00;;;;;;;;;;;;;;;;;;;;;;;;;;;;;;;;;;;;;;;;;;;;;;;;;;;;;;;;;;;;;;;;;;;;;;;;;;
2021-02-11;1.00;2.50;5.00;1.50;1.50;2.50;5.50;1.50;3.00;0.50;1.00;1.00;1.00;0.50;6.00;3.00;2.00;1.00;15.00;0.70;1.50;3.00;7.00;0.70;1.00;1.00;3.00;2.50;1.00;5.00;0.50;4.50;4.50;5.00;7.00;5.00;1.00;1.50;10.00;2.00;3.00;2.00;0.50;2.50;7.00;0.50;0.50;8.00;4.00;2.50;4.00;4.50;35.00;2.00;7.00;11.00;6.00;5.00;2.00;6.00;1.20;3.00;10.00;2.00;7.00;2.50;4.00;4.00;2.00;8.00;4.00;3.00;;;;;;;;;;;;;;;;;;;;;;;;;;;;;;;;;;;;;;;;;;;;;;;;;;;;;;;;;;;;;;;;;;;;;;;;;;;
2021-02-08;1.00;3.00;5.00;1.50;1.50;2.50;5.50;1.50;3.00;0.50;1.00;1.00;1.00;0.50;6.00;4.00;2.00;1.00;15.00;0.70;1.50;3.00;7.00;0.70;1.00;1.00;3.00;3.00;1.00;5.00;0.50;4.50;4.50;5.00;7.00;5.00;1.00;1.50;10.00;4.00;3.00;2.00;0.50;6.50;7.00;0.50;0.50;15.00;8.00;4.00;2.50;4.00;4.50;35.00;2.00;7.00;11.00;6.00;5.00;2.00;6.00;1.20;3.00;10.00;2.00;7.00;2.50;4.00;4.00;2.00;8.00;4.00;3.00;;;;;;;;;;;;;;;;;;;;;;;;;;;;;;;;;;;;;;;;;;;;;;;;;;;;;;;;;;;;;;;;;;;;;;;;;;
2021-02-04;1.00;3.00;5.00;1.50;1.50;2.50;5.50;1.50;3.00;0.50;1.00;1.50;1.00;0.50;6.00;4.50;2.00;1.00;15.00;0.70;1.50;3.00;7.00;0.70;1.50;1.00;3.00;3.00;1.00;0.50;4.50;4.50;5.50;7.00;5.00;1.00;1.50;10.00;4.00;3.00;1.80;0.80;6.50;7.00;0.50;0.50;15.00;8.00;4.00;2.50;4.00;4.50;35.00;2.00;7.00;11.00;6.00;5.00;2.00;6.00;1.20;3.00;10.00;2.00;7.00;2.50;4.00;4.00;2.00;8.00;4.00;3.00;;;;;;;;;;;;;;;;;;;;;;;;;;;;;;;;;;;;;;;;;;;;;;;;;;;;;;;;;;;;;;;;;;;;;;;;;;;
2021-02-01;1.00;2.00;5.00;1.50;1.50;2.50;5.50;1.50;3.00;0.50;1.00;1.50;1.00;0.50;6.00;4.50;2.00;1.00;15.00;0.70;1.50;3.00;7.00;0.70;1.50;1.00;3.00;2.00;1.00;5.00;0.50;4.50;4.50;5.50;7.00;5.00;1.00;1.50;10.00;4.50;3.00;1.80;0.80;6.50;7.00;0.50;0.50;15.00;8.00;4.00;2.50;4.00;4.50;35.00;2.00;7.00;11.00;6.00;5.00;2.00;6.00;1.20;3.00;10.00;2.00;7.00;2.50;4.00;4.00;2.00;8.00;4.00;3.00;;;;;;;;;;;;;;;;;;;;;;;;;;;;;;;;;;;;;;;;;;;;;;;;;;;;;;;;;;;;;;;;;;;;;;;;;;
2021-01-28;1.00;2.00;5.00;1.50;1.50;2.50;5.50;1.50;3.00;0.50;1.00;1.50;1.00;0.50;6.00;4.50;2.00;1.00;15.00;0.70;1.50;3.00;7.00;0.70;1.50;1.00;3.00;2.00;1.00;5.00;0.50;4.50;4.50;5.50;7.00;5.00;1.00;1.50;10.00;4.50;3.00;1.80;0.80;6.50;7.00;0.50;0.50;15.00;8.00;4.00;2.50;4.00;4.50;35.00;2.00;7.00;11.00;6.00;5.00;2.00;6.00;1.20;3.00;10.00;2.00;7.00;2.50;4.00;4.00;2.00;8.00;4.00;3.00;;;;;;;;;;;;;;;;;;;;;;;;;;;;;;;;;;;;;;;;;;;;;;;;;;;;;;;;;;;;;;;;;;;;;;;;;;
2021-01-25;1.00;2.00;5.00;1.50;1.50;2.50;4.50;1.00;3.00;0.50;1.00;1.50;1.00;0.50;5.00;4.00;2.00;1.00;15.00;0.70;1.50;3.00;7.00;0.70;1.50;1.00;3.00;2.00;1.00;5.00;0.50;4.50;3.50;4.50;7.00;5.00;1.00;1.50;8.00;3.50;3.00;1.00;0.50;4.00;7.00;0.50;0.50;15.00;8.00;6.00;2.50;4.00;4.50;35.00;2.00;7.00;11.00;6.00;5.00;2.00;6.00;1.20;3.00;10.00;2.00;7.00;2.50;4.00;4.00;2.00;8.00;4.00;3.00;;;;;;;;;;;;;;;;;;;;;;;;;;;;;;;;;;;;;;;;;;;;;;;;;;;;;;;;;;;;;;;;;;;;;;;;;;
2021-01-21;1.00;2.00;5.00;1.50;1.50;2.50;4.50;1.50;4.00;0.50;1.00;1.50;1.00;0.50;4.50;3.00;2.00;1.00;15.00;0.70;1.50;3.00;7.00;0.70;1.50;1.00;3.00;2.00;1.00;5.00;0.50;3.50;3.50;3.50;7.00;5.00;1.00;1.50;7.00;2.50;3.00;1.00;0.50;3.00;7.00;0.50;0.50;15.00;6.00;3.50;2.50;4.00;4.50;35.00;2.00;7.00;11.00;6.00;5.00;2.00;6.00;1.20;3.00;10.00;2.00;7.00;2.50;4.00;4.00;4.00;2.00;8.00;4.00;3.00;;;;;;;;;;;;;;;;;;;;;;;;;;;;;;;;;;;;;;;;;;;;;;;;;;;;;;;;;;;;;;;;;;;;;;;;;
2021-01-18;1.00;2.00;5.00;1.50;1.50;2.50;4.50;1.50;4.00;0.50;1.00;2.50;1.00;0.50;3.50;3.00;2.00;1.00;15.00;0.70;1.50;3.00;7.00;0.70;1.50;1.00;3.00;2.00;1.00;5.00;0.50;3.50;3.50;3.50;7.00;5.00;1.00;1.50;7.00;2.50;3.00;1.00;0.50;2.50;7.00;0.50;0.50;15.00;6.00;3.50;2.50;4.00;4.50;35.00;2.00;7.00;11.00;6.00;5.00;2.00;6.00;1.20;3.00;10.00;2.00;6.00;2.50;4.00;4.00;4.00;2.00;8.00;4.00;3.00;;;;;;;;;;;;;;;;;;;;;;;;;;;;;;;;;;;;;;;;;;;;;;;;;;;;;;;;;;;;;;;;;;;;;;;;;
2021-01-14;0.70;2.00;5.00;1.50;1.50;2.50;4.00;1.50;4.00;0.50;1.00;2.00;1.00;0.50;3.50;2.00;2.00;1.00;15.00;0.70;1.50;3.00;7.00;0.70;1.50;1.00;2.00;2.00;1.00;5.00;0.50;3.00;3.00;3.00;7.00;5.00;1.00;1.50;7.00;2.00;3.00;1.50;0.50;2.00;7.00;0.50;0.50;15.00;4.00;3.50;2.50;4.00;4.50;35.00;2.00;7.00;11.00;6.00;5.00;2.00;6.00;1.20;3.00;10.00;2.00;6.00;2.50;4.00;4.00;4.00;2.00;8.00;4.00;3.00;;;;;;;;;;;;;;;;;;;;;;;;;;;;;;;;;;;;;;;;;;;;;;;;;;;;;;;;;;;;;;;;;;;;;;;;;
2021-01-11;0.70;2.00;5.00;1.50;1.50;2.50;4.00;2.50;4.00;0.50;1.00;2.00;1.00;0.50;3.50;2.00;2.00;1.00;15.00;0.70;1.50;3.00;7.00;0.70;1.50;1.00;2.00;2.50;1.00;5.00;0.50;3.00;3.00;3.50;7.00;1.00;2.00;7.00;2.50;3.00;1.50;0.50;2.50;7.00;0.50;0.50;15.00;4.00;2.50;3.00;4.00;4.50;35.00;2.00;7.00;11.00;4.00;5.00;2.00;6.00;1.20;3.00;10.00;2.00;6.00;2.50;4.00;4.00;4.00;2.00;8.00;4.00;3.00;;;;;;;;;;;;;;;;;;;;;;;;;;;;;;;;;;;;;;;;;;;;;;;;;;;;;;;;;;;;;;;;;;;;;;;;;;
2021-01-07;0.70;2.00;5.00;1.50;1.50;2.50;4.00;2.50;4.00;0.50;1.00;2.00;1.00;0.50;3.50;3.00;2.00;1.00;15.00;0.70;1.50;3.00;7.00;0.70;2.00;1.00;2.00;2.50;1.00;0.50;4.00;4.00;3.50;7.00;5.00;1.00;1.80;7.00;2.50;4.00;1.50;0.50;2.00;7.00;0.50;0.50;15.00;4.00;2.50;3.00;4.00;4.50;35.00;2.00;7.00;11.00;6.00;5.00;2.00;6.00;1.20;3.00;10.00;2.00;6.00;2.50;4.00;4.00;4.00;2.00;8.00;3.00;3.00;;;;;;;;;;;;;;;;;;;;;;;;;;;;;;;;;;;;;;;;;;;;;;;;;;;;;;;;;;;;;;;;;;;;;;;;;;
2021-01-04;0.70;2.50;5.00;1.50;1.50;2.50;4.50;2.50;3.00;0.50;1.00;2.00;1.00;0.50;3.50;3.00;2.00;1.00;15.00;0.70;1.50;3.00;5.00;0.70;2.00;1.50;2.00;2.50;1.00;0.50;4.00;4.00;3.50;7.00;5.00;1.00;1.80;7.00;2.50;4.00;1.50;0.50;2.00;7.00;0.50;0.50;15.00;4.00;2.50;3.00;4.50;35.00;2.00;7.00;11.00;6.00;5.00;2.00;6.00;1.20;4.00;12.00;2.00;6.00;2.50;4.00;4.00;4.00;2.00;8.00;3.00;3.00;;;;;;;;;;;;;;;;;;;;;;;;;;;;;;;;;;;;;;;;;;;;;;;;;;;;;;;;;;;;;;;;;;;;;;;;;;;
2020-12-31;0.70;2.50;5.00;1.50;1.50;2.50;3.50;2.50;3.00;0.50;1.00;2.00;1.00;0.50;3.50;3.00;2.00;1.00;15.00;0.70;1.50;3.00;5.00;0.70;2.00;1.50;2.00;3.50;1.00;0.50;4.00;3.00;3.00;7.00;5.00;1.00;1.80;4.00;2.00;4.00;1.50;0.50;2.00;7.00;0.50;0.50;15.00;4.00;2.50;3.00;4.50;35.00;2.00;7.00;11.00;6.00;5.00;2.00;6.00;1.20;4.00;12.00;2.00;6.00;2.50;4.00;4.00;4.00;1.50;8.00;3.00;3.00;;;;;;;;;;;;;;;;;;;;;;;;;;;;;;;;;;;;;;;;;;;;;;;;;;;;;;;;;;;;;;;;;;;;;;;;;;;
2020-12-28;0.70;2.50;5.00;1.50;1.50;2.50;3.50;2.50;3.00;0.50;1.00;2.00;1.00;0.50;3.50;3.00;2.00;1.00;15.00;0.70;1.50;3.00;2.50;5.00;0.70;2.00;1.50;2.00;3.50;1.00;0.50;3.00;3.00;2.50;5.00;5.00;1.00;1.80;4.00;3.00;4.00;1.50;0.50;3.00;7.00;0.50;0.50;15.00;4.00;2.50;2.00;2.70;35.00;2.00;7.00;11.00;6.00;15.00;5.00;2.00;6.00;1.20;4.00;12.00;2.00;6.00;4.00;4.00;4.00;3.50;8.00;3.00;3.00;;;;;;;;;;;;;;;;;;;;;;;;;;;;;;;;;;;;;;;;;;;;;;;;;;;;;;;;;;;;;;;;;;;;;;;;;;
2020-12-24;0.70;2.50;5.00;1.50;2.50;3.50;2.50;3.00;0.50;1.00;2.00;1.00;0.50;3.50;3.00;2.00;1.00;15.00;0.70;1.50;3.00;5.00;0.70;2.00;1.50;2.00;3.50;1.00;0.50;3.00;3.00;2.50;5.00;5.00;1.00;1.00;4.00;3.00;4.00;1.50;0.50;3.00;7.00;0.50;0.50;15.00;4.00;2.50;2.00;2.70;35.00;2.00;7.00;11.00;6.00;15.00;5.00;2.00;6.00;1.20;4.00;12.00;2.00;6.00;2.50;4.00;4.00;4.00;3.50;8.00;3.00;3.00;;;;;;;;;;;;;;;;;;;;;;;;;;;;;;;;;;;;;;;;;;;;;;;;;;;;;;;;;;;;;;;;;;;;;;;;;;;
2020-12-21;0.70;3.50;5.00;1.50;1.50;2.50;4.00;2.50;4.00;0.50;1.00;2.00;1.00;0.50;2.50;1.50;2.00;1.00;15.00;0.70;1.50;3.00;5.00;0.70;2.00;2.50;2.00;3.50;1.00;0.50;3.50;3.00;2.50;5.00;5.00;0.50;1.00;4.00;3.00;4.00;1.50;0.50;2.00;7.00;0.50;0.50;15.00;4.00;2.50;2.00;2.70;35.00;2.00;7.00;11.00;6.00;15.00;5.00;2.00;6.00;1.00;4.00;12.00;2.00;6.00;2.50;4.00;4.00;4.00;3.50;8.00;3.00;3.00;;;;;;;;;;;;;;;;;;;;;;;;;;;;;;;;;;;;;;;;;;;;;;;;;;;;;;;;;;;;;;;;;;;;;;;;;;
2020-12-17;3.00;0.70;3.50;5.00;1.50;1.50;2.50;4.00;4.00;4.00;0.50;1.00;2.00;1.00;0.50;2.50;1.50;2.00;1.00;15.00;0.50;1.50;3.00;5.00;0.50;2.00;2.50;2.00;3.50;0.50;4.00;4.00;2.50;5.00;5.00;0.50;1.00;4.00;3.00;4.00;2.50;0.50;2.00;7.00;0.50;0.50;15.00;4.00;2.50;2.70;35.00;2.00;7.00;11.00;5.00;15.00;5.00;2.00;6.00;1.00;4.00;12.00;2.00;6.00;2.50;4.00;4.00;4.00;3.50;8.00;3.00;;;;;;;;;;;;;;;;;;;;;;;;;;;;;;;;;;;;;;;;;;;;;;;;;;;;;;;;;;;;;;;;;;;;;;;;;;;;
2020-12-14;3.50;1.50;1.50;2.50;4.00;4.00;4.00;0.50;1.00;2.00;1.00;0.50;2.50;1.50;2.00;1.00;15.00;0.70;1.50;4.00;0.70;2.00;3.00;2.00;3.50;1.00;4.00;4.00;2.50;5.00;5.00;0.50;1.00;4.00;2.00;0.50;1.50;7.00;0.50;0.50;15.00;4.00;2.50;1.00;2.70;35.00;2.00;7.00;8.00;5.00;5.00;2.00;6.00;1.00;4.00;12.00;2.00;6.00;3.50;4.00;4.00;4.00;3.50;8.00;2.50;3.00;;;;;;;;;;;;;;;;;;;;;;;;;;;;;;;;;;;;;;;;;;;;;;;;;;;;;;;;;;;;;;;;;;;;;;;;;;;;;;;;;
2020-12-10;0.70;3.50;1.50;1.50;2.50;4.50;4.00;4.00;0.50;1.00;2.00;1.00;0.50;2.50;1.50;1.00;15.00;0.70;1.50;4.00;0.70;2.00;3.00;2.00;3.50;4.00;4.00;2.50;3.00;6.00;0.50;1.00;4.00;2.00;0.50;1.50;7.00;0.50;0.50;15.00;4.00;2.50;1.50;2.70;1.00;35.00;2.00;7.00;8.00;5.00;5.00;2.00;6.00;1.00;4.00;12.00;2.00;5.00;2.50;4.00;4.00;3.00;3.50;8.00;3.00;3.00;;;;;;;;;;;;;;;;;;;;;;;;;;;;;;;;;;;;;;;;;;;;;;;;;;;;;;;;;;;;;;;;;;;;;;;;;;;;;;;;;
2020-12-07;0.70;3.50;5.00;1.50;2.50;4.00;4.00;0.50;0.50;1.00;2.00;1.00;0.50;2.50;1.50;2.00;1.00;15.00;0.70;1.50;3.00;0.70;2.00;4.00;2.00;3.50;1.00;0.50;4.00;4.00;2.50;3.00;6.00;0.50;1.00;4.00;2.00;4.00;2.50;0.50;1.50;7.00;0.50;15.00;4.50;2.50;1.50;2.70;35.00;2.00;7.00;8.00;5.00;15.00;5.00;2.00;6.00;1.00;4.00;15.00;2.00;5.00;2.50;4.00;4.00;3.00;3.50;8.00;3.00;3.00;;;;;;;;;;;;;;;;;;;;;;;;;;;;;;;;;;;;;;;;;;;;;;;;;;;;;;;;;;;;;;;;;;;;;;;;;;;;;
2020-12-03;0.70;3.50;5.00;1.50;1.50;2.50;4.50;4.00;4.00;0.50;1.00;2.00;1.00;0.50;2.00;1.50;2.00;1.00;15.00;0.70;1.50;3.00;4.00;0.70;2.00;4.00;2.00;3.50;1.00;0.50;4.00;3.00;2.50;3.00;6.00;0.50;1.00;4.00;2.00;4.00;2.50;0.50;2.00;7.00;0.50;0.50;15.00;4.50;2.50;1.50;2.70;35.00;2.00;7.00;8.00;5.00;15.00;5.00;2.00;6.00;1.00;4.00;13.00;2.00;5.00;2.50;4.00;3.50;3.00;3.50;8.00;3.00;3.00;;;;;;;;;;;;;;;;;;;;;;;;;;;;;;;;;;;;;;;;;;;;;;;;;;;;;;;;;;;;;;;;;;;;;;;;;;
2020-11-30;0.70;4.00;3.50;5.00;1.50;1.50;2.50;4.50;3.50;0.50;1.00;2.00;1.00;0.50;2.50;1.50;2.00;1.00;15.00;0.70;1.50;3.00;4.00;0.70;2.00;4.00;2.00;3.50;1.00;0.50;4.50;3.00;2.50;3.00;6.00;0.50;1.00;4.00;2.00;4.00;2.50;0.50;2.00;7.00;0.50;0.50;15.00;4.50;2.00;1.50;2.50;35.00;2.00;7.00;8.00;5.00;5.00;2.00;6.00;1.00;4.00;13.00;2.00;5.00;2.50;4.00;3.50;3.00;3.50;8.00;3.00;3.00;;;;;;;;;;;;;;;;;;;;;;;;;;;;;;;;;;;;;;;;;;;;;;;;;;;;;;;;;;;;;;;;;;;;;;;;;;;
2020-11-27;0.70;3.50;5.00;1.50;1.00;2.50;3.00;4.00;3.50;0.50;1.00;2.00;1.00;0.50;2.00;1.50;2.00;1.00;15.00;0.70;1.50;3.00;4.00;0.70;2.00;4.00;2.00;3.50;1.00;0.50;3.00;3.00;2.50;3.00;5.00;0.50;0.80;3.50;2.00;4.00;2.50;0.50;2.00;7.00;0.50;0.50;15.00;4.50;2.00;1.50;2.50;35.00;2.00;7.00;8.00;5.00;15.00;5.00;2.00;6.00;1.00;4.00;13.00;2.00;5.00;2.50;4.00;3.50;3.00;3.50;8.00;3.00;3.00;;;;;;;;;;;;;;;;;;;;;;;;;;;;;;;;;;;;;;;;;;;;;;;;;;;;;;;;;;;;;;;;;;;;;;;;;;
2020-11-23;0.70;2.50;5.00;1.50;1.00;2.50;3.00;4.00;3.50;0.50;1.00;2.00;1.00;0.50;1.00;1.00;2.00;1.00;15.00;0.70;1.50;3.00;4.00;0.70;2.00;4.00;2.00;2.00;1.00;0.50;3.00;2.50;2.50;3.00;5.00;0.50;0.80;3.50;2.00;4.00;2.50;0.50;2.00;7.00;0.50;0.50;15.00;4.50;2.00;1.50;2.50;35.00;2.00;7.00;8.00;5.00;3.50;2.00;6.00;1.00;4.00;13.00;2.00;5.00;2.50;4.00;3.50;3.00;8.00;3.00;3.00;;;;;;;;;;;;;;;;;;;;;;;;;;;;;;;;;;;;;;;;;;;;;;;;;;;;;;;;;;;;;;;;;;;;;;;;;;;;
2020-11-19;0.70;2.50;5.00;1.50;1.00;2.50;3.00;4.00;2.50;0.50;1.00;1.50;1.00;0.50;1.00;1.00;2.00;1.00;15.00;0.70;1.30;3.00;4.00;0.70;2.00;3.00;2.00;2.00;1.00;0.50;3.00;3.00;2.50;3.00;5.00;0.50;0.80;3.50;2.00;4.00;2.50;0.50;2.00;7.00;0.50;0.50;15.00;4.50;1.50;1.50;2.50;35.00;2.00;7.00;8.00;5.00;2.00;6.00;1.00;4.00;10.00;3.50;5.00;2.50;4.00;3.50;3.00;8.00;3.00;3.00;;;;;;;;;;;;;;;;;;;;;;;;;;;;;;;;;;;;;;;;;;;;;;;;;;;;;;;;;;;;;;;;;;;;;;;;;;;;;
2020-11-16;0.70;2.50;5.00;1.50;1.00;2.50;3.00;4.00;2.50;0.50;1.00;1.50;1.00;0.50;1.50;1.00;2.00;1.00;15.00;0.70;1.30;3.00;4.00;0.70;2.00;3.00;2.00;2.00;1.00;0.50;3.00;3.00;2.50;3.00;5.00;0.50;0.80;3.50;2.00;4.00;2.50;0.50;2.00;7.00;0.50;0.50;15.00;3.50;1.50;1.50;2.50;35.00;2.00;7.00;8.00;5.00;3.50;2.00;6.00;1.00;4.00;10.00;2.00;5.00;2.50;4.00;3.50;3.00;9.00;3.00;3.00;;;;;;;;;;;;;;;;;;;;;;;;;;;;;;;;;;;;;;;;;;;;;;;;;;;;;;;;;;;;;;;;;;;;;;;;;;;;
2020-11-12;0.70;2.50;5.00;1.50;1.00;2.50;3.00;4.00;2.50;0.50;1.00;1.50;1.00;0.50;1.50;1.00;2.00;1.00;15.00;0.70;1.30;3.00;4.00;0.70;2.00;3.00;2.00;2.00;1.00;0.50;3.00;3.00;2.50;4.00;5.00;0.50;0.80;3.50;2.00;5.00;2.50;0.50;2.00;7.00;0.50;0.50;15.00;3.50;1.50;2.00;2.50;35.00;3.00;7.00;8.00;5.00;3.50;2.00;6.00;1.00;4.00;10.00;2.00;5.00;1.50;7.00;4.00;3.50;3.00;9.00;3.00;3.00;;;;;;;;;;;;;;;;;;;;;;;;;;;;;;;;;;;;;;;;;;;;;;;;;;;;;;;;;;;;;;;;;;;;;;;;;;;
2020-11-09;0.70;2.50;5.00;1.50;1.00;2.00;3.00;4.00;2.50;0.50;1.50;1.00;0.50;1.50;1.00;2.00;1.00;15.00;0.70;1.30;3.00;3.00;0.70;2.00;3.00;2.00;2.00;1.00;0.50;3.00;3.00;2.00;3.50;5.00;0.50;0.80;3.00;1.00;5.00;2.50;0.50;2.00;7.00;0.50;2.00;6.00;0.50;8.00;15.00;3.50;1.50;2.00;30.00;3.00;6.00;8.00;5.00;3.50;2.00;6.00;1.00;4.00;8.00;2.00;5.00;1.50;7.00;4.00;3.50;3.00;8.00;3.00;3.00;;;;;;;;;;;;;;;;;;;;;;;;;;;;;;;;;;;;;;;;;;;;;;;;;;;;;;;;;;;;;;;;;;;;;;;;;;
2020-11-05;0.70;1.50;3.00;1.50;1.00;1.50;3.00;4.00;2.50;0.50;0.80;1.50;1.00;0.50;1.50;1.00;2.00;1.00;15.00;0.70;1.30;3.00;3.00;0.70;2.00;2.00;2.00;1.50;1.00;0.50;3.00;3.00;2.00;3.50;5.00;0.50;0.80;3.00;1.50;5.00;2.50;0.50;2.00;7.00;0.50;2.00;6.00;0.50;8.00;15.00;3.50;1.50;2.00;30.00;3.00;6.00;8.50;5.00;3.50;2.00;6.00;1.00;4.00;6.00;2.00;5.00;1.50;7.00;4.00;3.50;3.00;8.00;3.00;3.00;;;;;;;;;;;;;;;;;;;;;;;;;;;;;;;;;;;;;;;;;;;;;;;;;;;;;;;;;;;;;;;;;;;;;;;;;
2020-11-02;0.50;1.50;3.00;1.50;1.00;1.50;3.00;5.00;2.50;0.50;0.80;1.50;1.00;0.50;1.50;1.00;2.00;1.00;15.00;0.70;1.30;3.00;3.00;0.70;2.00;1.00;2.00;1.50;1.00;0.50;3.00;3.00;2.00;3.50;5.00;0.50;0.80;3.00;1.50;5.00;2.50;0.50;2.00;7.00;0.50;2.00;6.00;0.50;8.00;2.50;1.50;2.00;25.00;3.00;5.00;8.50;5.00;3.50;2.00;6.00;1.00;4.00;6.00;2.00;5.00;1.50;7.00;4.00;3.50;3.00;8.00;2.50;3.00;;;;;;;;;;;;;;;;;;;;;;;;;;;;;;;;;;;;;;;;;;;;;;;;;;;;;;;;;;;;;;;;;;;;;;;;;;
2020-10-26;2.50;1.00;0.70;2.00;0.50;2.50;0.50;2.00;1.00;1.50;1.00;1.00;3.00;1.50;2.00;1.50;3.00;1.50;1.00;1.50;2.00;3.50;2.50;0.50;0.80;1.00;1.00;0.50;1.50;1.00;2.00;1.00;15.00;0.70;0.80;1.00;3.00;3.00;0.70;2.00;1.50;1.00;1.00;0.50;2.00;3.00;2.00;2.00;3.00;0.50;0.80;3.00;1.00;3.00;1.50;0.50;1.50;7.00;0.50;2.00;6.00;0.50;8.00;2.00;1.50;2.00;25.00;3.00;5.00;9.00;5.00;2.00;2.00;6.00;1.00;4.00;6.00;2.00;5.00;1.50;7.00;2.00;8.00;1.50;3.00;;;;;;;;;;;;;;;;;;;;;;;;;;;;;;;;;;;;;;;;;;;;;;;;;;;;;;;;;;;;;;
2020-10-22;2.50;1.00;0.70;2.00;0.50;2.50;0.50;2.00;1.50;1.00;1.00;3.00;1.50;2.00;1.50;3.00;1.50;1.00;1.50;2.00;3.50;2.50;0.50;0.80;1.00;1.00;0.50;1.50;1.00;2.00;0.70;15.00;0.70;0.80;1.00;3.00;0.70;2.00;1.00;1.50;1.00;1.00;0.50;1.50;3.00;2.00;2.00;3.00;0.50;0.80;3.00;1.00;3.00;1.50;0.50;1.50;7.00;0.50;2.00;6.00;0.50;8.00;2.50;1.50;2.00;25.00;3.00;5.00;9.50;6.00;2.00;2.00;6.00;1.00;4.00;6.00;2.00;5.00;1.00;7.00;2.00;7.00;8.00;1.50;3.00;;;;;;;;;;;;;;;;;;;;;;;;;;;;;;;;;;;;;;;;;;;;;;;;;;;;;;;;;;;;;;
2020-10-19;2.50;1.00;0.70;2.00;0.50;2.50;0.50;2.00;1.00;1.50;1.00;1.00;3.00;1.50;2.00;1.50;1.00;3.00;1.50;1.00;1.50;2.00;3.50;2.50;0.50;0.80;1.00;1.00;0.50;1.50;1.00;2.00;1.00;15.00;0.70;0.80;1.00;3.00;0.70;8.00;1.00;1.50;1.00;1.00;0.50;1.50;3.00;2.00;2.00;3.00;0.50;0.80;2.50;1.00;3.00;1.50;0.80;0.50;1.50;7.00;0.50;2.00;6.00;0.50;3.00;3.00;2.00;25.00;5.00;5.00;9.50;6.00;2.00;2.00;6.00;1.00;4.00;6.00;2.00;5.00;1.00;7.00;2.00;7.00;8.00;1.50;3.00;;;;;;;;;;;;;;;;;;;;;;;;;;;;;;;;;;;;;;;;;;;;;;;;;;;;;;;;;;;;
2020-10-15;2.50;1.00;0.70;2.00;0.50;2.50;0.50;2.00;1.00;1.50;1.00;1.00;3.00;1.00;2.00;1.50;1.00;3.00;1.50;1.00;1.50;2.00;2.00;2.50;0.50;0.80;1.00;1.00;0.50;1.50;1.00;2.00;1.00;15.00;0.70;0.80;1.00;3.00;0.70;2.00;1.00;1.50;1.00;1.00;0.50;1.50;3.00;2.00;2.00;2.00;0.50;0.80;2.50;1.00;3.00;1.00;0.80;0.50;1.50;7.00;0.50;2.00;6.00;0.50;8.00;3.00;3.00;2.00;25.00;5.00;5.00;9.50;6.00;2.00;2.00;6.00;1.50;4.00;6.00;2.00;5.00;1.00;7.00;2.00;7.00;8.00;1.50;3.00;;;;;;;;;;;;;;;;;;;;;;;;;;;;;;;;;;;;;;;;;;;;;;;;;;;;;;;;;;;
2020-10-12;2.50;1.00;0.70;2.00;0.50;2.50;0.50;2.50;1.50;1.00;1.00;3.00;1.00;3.00;1.50;1.00;3.00;1.50;1.00;1.50;2.00;2.00;2.50;0.50;0.80;1.00;4.00;1.00;0.50;1.50;1.00;2.00;1.00;15.00;0.70;0.80;1.00;3.00;0.70;2.00;1.00;1.50;1.00;1.00;0.50;2.50;3.00;2.00;3.00;1.50;0.50;0.80;2.50;1.50;3.00;1.00;0.80;0.50;1.50;7.00;0.50;2.00;6.00;0.50;8.00;3.00;3.00;2.00;25.00;5.00;5.00;9.50;6.00;2.00;2.00;6.00;4.00;6.00;2.00;5.00;1.00;6.00;4.50;2.00;5.00;8.00;1.00;3.00;;;;;;;;;;;;;;;;;;;;;;;;;;;;;;;;;;;;;;;;;;;;;;;;;;;;;;;;;;;
2020-10-08;2.50;1.00;0.70;2.00;0.50;2.50;0.50;2.00;1.00;1.00;1.00;3.00;1.00;2.00;1.00;0.50;3.00;1.50;1.00;1.50;1.50;2.00;2.50;0.50;0.80;1.00;4.00;1.00;0.50;1.50;1.00;2.00;1.00;15.00;0.70;0.80;1.00;3.00;0.70;2.00;1.00;1.50;1.00;1.00;0.50;2.00;2.00;2.00;2.00;1.50;0.50;0.80;2.50;1.50;3.00;1.00;0.50;0.50;1.50;7.00;0.50;2.00;6.00;0.50;8.00;3.00;3.00;2.00;25.00;5.00;5.00;9.00;6.00;2.00;2.00;6.00;4.00;6.00;2.00;5.00;1.00;6.00;4.50;2.00;5.00;8.00;1.50;3.00;;;;;;;;;;;;;;;;;;;;;;;;;;;;;;;;;;;;;;;;;;;;;;;;;;;;;;;;;;;
2020-10-05;2.50;1.00;0.70;1.00;0.50;3.00;0.50;1.50;0.70;1.00;1.00;1.00;3.00;0.50;2.00;1.00;0.50;3.00;1.50;1.00;1.50;1.50;2.00;2.50;0.50;0.80;1.00;4.00;1.00;0.50;1.50;0.70;2.00;1.00;15.00;0.70;0.80;2.00;1.00;3.00;0.70;2.00;1.00;2.00;1.00;1.00;0.50;1.50;2.00;1.00;2.00;1.50;0.50;0.80;2.50;1.00;3.00;0.70;0.50;0.50;1.50;7.00;0.50;2.00;6.00;0.50;8.00;3.00;3.00;2.00;25.00;5.00;5.00;9.00;6.00;2.00;2.00;6.00;4.00;5.00;2.00;5.00;0.50;6.00;4.50;2.00;4.00;8.00;1.50;3.00;;;;;;;;;;;;;;;;;;;;;;;;;;;;;;;;;;;;;;;;;;;;;;;;;;;;;;;;;
2020-10-01;2.50;1.00;0.70;1.00;0.50;3.00;0.50;1.50;0.50;1.00;1.00;3.00;0.50;2.00;1.50;0.50;3.00;1.50;1.00;1.50;1.50;2.00;2.50;0.50;0.80;1.00;4.00;1.00;0.50;1.50;0.50;2.00;1.00;15.00;0.70;0.80;2.00;1.00;3.00;0.70;2.00;1.00;2.00;1.00;0.50;1.50;2.00;1.00;2.00;1.50;0.50;0.80;2.50;1.00;1.50;0.70;0.50;0.50;1.50;7.00;0.50;2.00;6.00;0.50;8.00;3.00;3.00;2.00;25.00;5.00;5.00;9.00;6.00;2.00;2.00;6.00;5.00;2.00;5.00;0.50;6.00;4.50;2.00;4.00;6.00;1.50;3.00;;;;;;;;;;;;;;;;;;;;;;;;;;;;;;;;;;;;;;;;;;;;;;;;;;;;;;;;;;;;
2020-09-28;2.50;1.00;0.70;1.00;0.50;2.50;0.50;1.50;0.50;1.00;1.00;1.00;2.00;0.80;2.00;1.00;0.50;3.00;1.50;1.00;1.50;1.50;2.00;2.50;0.50;0.50;1.00;4.00;1.00;0.50;1.00;0.50;2.00;1.00;15.00;0.70;1.00;2.00;1.00;2.00;0.70;2.00;1.50;2.00;1.00;0.50;1.50;2.00;1.00;2.00;1.00;0.50;1.00;2.00;1.00;1.50;1.00;0.50;0.50;1.50;7.00;0.50;2.00;6.00;0.50;8.00;3.00;2.00;20.00;7.00;8.00;9.00;6.00;2.00;3.50;6.00;5.00;2.00;5.00;0.50;6.00;6.00;2.00;4.00;6.00;1.50;4.00;;;;;;;;;;;;;;;;;;;;;;;;;;;;;;;;;;;;;;;;;;;;;;;;;;;;;;;;;;;;
2020-09-24;2.50;1.00;0.70;1.00;0.50;3.00;0.50;1.50;0.50;1.00;1.00;1.00;2.00;0.80;2.00;1.00;0.50;3.00;1.50;1.00;1.50;1.50;2.00;2.50;0.50;0.50;1.00;4.00;1.00;0.50;1.00;0.50;2.00;1.00;15.00;0.70;1.00;2.00;1.00;2.00;0.70;2.00;1.50;2.00;1.00;0.50;1.50;2.00;1.00;2.00;1.00;0.50;1.00;2.50;1.00;1.50;1.00;0.50;0.50;1.50;7.00;0.50;2.00;6.00;0.50;8.00;3.00;2.00;20.00;7.00;8.00;9.00;6.00;2.00;3.50;6.00;5.00;2.00;5.00;0.50;6.00;6.00;2.00;4.00;6.00;1.50;4.00;;;;;;;;;;;;;;;;;;;;;;;;;;;;;;;;;;;;;;;;;;;;;;;;;;;;;;;;;;;;
2020-09-21;2.50;1.00;0.70;1.00;0.50;2.00;0.50;1.50;1.00;1.00;1.00;2.00;0.80;2.00;1.00;0.50;2.00;1.50;1.00;1.50;1.00;3.00;2.50;0.50;0.50;1.00;4.00;1.00;0.50;1.00;0.50;2.00;1.00;15.00;0.70;1.00;2.00;1.00;2.00;0.70;2.00;1.50;2.50;1.00;0.50;1.50;2.00;1.00;3.00;1.00;0.50;1.00;2.00;1.00;1.50;0.80;0.50;0.50;2.00;7.00;0.50;2.00;6.00;0.50;8.00;3.00;2.00;20.00;7.00;8.00;10.00;6.00;2.00;3.50;6.00;5.00;2.00;5.00;0.50;6.00;6.00;2.00;2.50;6.00;1.00;4.00;;;;;;;;;;;;;;;;;;;;;;;;;;;;;;;;;;;;;;;;;;;;;;;;;;;;;;;;;;;;;
2020-09-17;2.50;1.00;0.70;1.00;0.50;2.00;0.50;1.50;0.50;1.00;1.00;1.00;2.00;0.80;2.00;1.00;0.50;2.00;1.50;1.00;1.50;1.00;3.00;2.50;0.50;0.50;1.00;4.00;1.00;0.50;1.00;0.50;2.00;1.00;15.00;0.70;1.00;2.00;1.00;2.00;0.70;2.00;1.50;2.50;1.00;0.50;1.50;2.00;1.00;3.00;1.00;0.50;1.00;2.00;1.00;1.50;0.80;0.50;0.50;2.00;7.00;0.50;2.00;6.00;0.50;8.00;3.00;2.00;20.00;7.00;8.00;10.00;6.00;2.00;3.50;6.00;5.00;2.00;5.00;0.50;6.00;6.00;2.00;2.50;6.00;1.00;4.00;;;;;;;;;;;;;;;;;;;;;;;;;;;;;;;;;;;;;;;;;;;;;;;;;;;;;;;;;;;;
2020-09-14;2.50;1.00;0.70;1.00;0.50;2.00;0.50;1.50;0.50;1.00;1.00;1.00;2.00;0.80;2.00;1.00;0.50;2.00;1.00;1.00;1.50;1.00;3.00;2.50;0.50;0.50;1.00;5.00;1.00;0.50;1.00;0.50;2.00;0.80;15.00;0.70;1.00;2.00;1.00;2.00;0.70;2.00;1.50;2.50;1.00;0.50;1.50;2.00;1.00;3.00;0.50;1.00;2.00;1.00;1.50;0.80;0.50;0.50;2.00;7.00;0.50;2.00;6.00;0.50;8.00;3.00;2.00;20.00;5.00;8.00;10.00;6.00;2.00;4.00;6.00;5.00;2.00;5.00;0.50;4.00;6.00;2.00;2.50;6.00;1.00;4.00;;;;;;;;;;;;;;;;;;;;;;;;;;;;;;;;;;;;;;;;;;;;;;;;;;;;;;;;;;;;;
2020-09-10;2.50;1.00;0.70;1.00;0.50;2.00;0.50;1.50;0.50;1.00;1.00;2.00;0.80;2.00;1.00;0.50;2.00;1.00;1.00;1.50;1.00;3.00;2.50;0.50;0.50;1.00;5.00;1.00;0.50;1.00;0.50;2.00;0.80;15.00;0.70;1.00;2.00;1.00;2.00;0.70;2.00;1.50;2.50;1.00;0.50;1.50;2.00;1.00;3.00;1.00;0.50;1.00;2.00;1.00;1.50;0.80;0.50;0.50;2.00;7.00;0.50;2.00;6.00;0.50;6.00;3.00;2.00;20.00;5.00;8.00;10.00;6.00;2.00;4.00;6.00;5.00;2.00;5.00;0.50;4.00;6.00;2.00;2.50;6.00;1.00;4.00;;;;;;;;;;;;;;;;;;;;;;;;;;;;;;;;;;;;;;;;;;;;;;;;;;;;;;;;;;;;;
2020-09-07;2.50;1.00;0.70;1.00;0.50;2.00;0.50;1.50;1.00;2.00;1.00;1.00;2.00;0.80;2.00;1.00;0.50;2.00;1.00;1.00;1.50;1.00;3.00;2.50;0.50;0.50;1.00;5.00;1.00;0.50;1.50;1.00;2.00;0.80;15.00;0.70;1.00;2.00;1.00;2.00;0.70;2.00;1.50;2.50;1.00;0.50;1.50;2.00;1.00;3.00;1.00;0.50;1.00;2.00;2.00;1.50;0.80;0.70;0.50;2.00;7.00;0.50;2.00;6.00;0.50;6.00;3.00;2.00;20.00;5.00;10.00;10.00;6.00;2.00;4.00;6.00;5.00;2.00;5.00;0.50;4.00;6.00;2.00;2.50;6.00;1.00;4.00;;;;;;;;;;;;;;;;;;;;;;;;;;;;;;;;;;;;;;;;;;;;;;;;;;;;;;;;;;;;
2020-09-03;2.50;1.00;0.70;1.00;0.50;1.50;0.50;1.50;1.00;2.00;1.00;1.00;2.00;0.80;2.00;1.00;0.50;2.00;1.00;1.00;1.50;1.00;3.00;2.50;0.50;0.50;1.00;5.00;1.00;0.50;1.50;1.00;2.00;0.80;15.00;0.70;1.00;2.00;1.00;2.00;0.70;2.00;2.00;1.00;1.00;0.50;1.50;2.00;1.00;3.00;1.00;0.50;1.00;1.50;2.00;1.50;0.80;0.70;0.50;2.00;7.00;0.50;2.00;6.00;0.50;6.00;3.00;2.00;20.00;5.00;10.00;10.00;6.00;2.00;4.00;6.00;5.00;2.00;5.00;0.50;4.00;6.00;2.00;2.50;6.00;1.00;4.00;;;;;;;;;;;;;;;;;;;;;;;;;;;;;;;;;;;;;;;;;;;;;;;;;;;;;;;;;;;;
2020-08-31;2.50;1.00;0.70;1.00;0.50;1.50;0.50;1.50;1.00;2.00;1.00;1.00;2.00;0.80;1.50;1.00;0.50;2.00;1.00;1.00;1.50;1.00;3.00;2.50;0.50;0.50;1.00;5.00;1.00;0.50;1.50;1.00;2.00;0.80;15.00;0.70;1.50;2.00;1.00;2.00;0.70;2.00;1.50;2.50;1.00;0.50;1.50;1.50;1.00;3.00;2.00;0.50;1.00;1.50;2.00;1.50;0.80;0.50;0.50;2.00;7.00;0.50;2.00;6.00;0.50;6.00;5.00;2.00;5.00;15.00;5.00;10.00;10.00;6.00;2.00;4.00;6.00;5.00;2.00;5.00;0.50;4.00;6.00;2.00;2.50;6.00;1.00;4.00;;;;;;;;;;;;;;;;;;;;;;;;;;;;;;;;;;;;;;;;;;;;;;;;;;;;;;;;;;;
2020-08-27;2.50;1.00;0.70;1.00;0.50;1.50;0.50;1.50;1.00;1.50;1.00;1.00;2.00;0.80;1.50;1.00;0.50;2.00;1.00;1.00;1.50;1.00;3.00;2.50;0.50;0.50;1.00;5.00;1.00;0.50;1.50;1.00;2.00;0.80;15.00;0.70;1.50;2.00;1.00;2.00;0.70;2.00;1.50;3.00;1.00;0.50;1.50;1.50;1.00;2.00;2.00;0.50;1.00;1.50;1.50;1.50;0.80;0.70;0.50;1.50;7.00;0.50;2.00;6.00;0.50;6.00;5.00;2.00;5.00;15.00;5.00;10.00;8.00;5.00;2.00;4.00;6.00;5.00;2.00;6.00;0.50;4.00;6.00;2.00;2.50;6.00;1.00;4.00;;;;;;;;;;;;;;;;;;;;;;;;;;;;;;;;;;;;;;;;;;;;;;;;;;;;;;;;;;;
2020-08-24;2.50;1.00;0.70;1.00;0.50;1.50;0.50;1.50;1.00;1.50;3.00;1.00;1.00;2.00;0.80;1.50;1.00;0.50;2.00;1.00;1.00;1.50;1.00;3.00;2.50;0.50;0.50;1.00;5.00;1.00;0.50;1.50;1.00;2.00;0.80;15.00;0.70;1.50;2.00;1.00;2.00;0.70;2.00;1.50;3.00;1.00;0.50;1.50;1.50;1.00;2.00;2.00;0.50;1.00;1.50;1.50;1.50;0.80;0.70;0.50;1.50;7.00;0.50;2.00;6.00;0.50;6.00;5.00;5.00;15.00;5.00;10.00;8.00;5.00;2.00;4.00;6.00;5.00;2.00;5.00;0.50;4.00;6.00;2.00;4.00;6.00;3.00;1.00;4.00;;;;;;;;;;;;;;;;;;;;;;;;;;;;;;;;;;;;;;;;;;;;;;;;;;;;;;;;;;
2020-08-20;2.50;1.00;0.70;1.00;0.50;1.00;0.50;0.50;1.00;1.00;3.00;0.50;1.00;2.00;0.80;1.00;1.00;0.70;2.00;1.00;0.50;1.50;0.50;3.00;2.50;0.50;0.50;1.00;5.00;1.00;0.50;1.50;1.00;2.00;0.80;10.00;0.70;1.50;2.00;1.00;2.00;1.00;2.00;1.50;3.00;1.00;0.50;0.50;1.00;1.00;2.00;1.00;0.50;1.00;1.00;1.00;1.00;0.80;0.50;0.50;1.00;7.00;0.30;6.00;0.50;6.00;7.00;15.00;5.00;10.00;7.50;5.00;2.00;4.00;6.00;5.00;2.00;5.00;0.50;4.00;6.00;2.00;4.00;6.00;3.00;1.00;4.00;;;;;;;;;;;;;;;;;;;;;;;;;;;;;;;;;;;;;;;;;;;;;;;;;;;;;;;;;;;;
2020-08-17;2.50;1.00;0.70;1.00;0.50;8.00;1.00;0.70;0.70;1.00;0.70;3.00;0.70;0.80;2.00;0.80;1.00;0.80;0.70;2.00;1.00;0.70;1.50;0.70;3.00;2.50;0.50;0.50;1.50;5.00;1.00;0.50;1.50;1.00;2.00;0.80;10.00;0.70;1.50;2.00;1.00;2.00;0.70;2.00;1.50;3.00;0.80;0.50;0.70;1.00;1.00;2.00;1.00;0.50;1.00;1.00;0.50;1.00;0.80;0.50;0.50;0.70;7.00;0.30;6.00;0.50;6.00;5.00;15.00;5.00;7.00;7.50;5.00;2.00;5.00;6.00;5.00;2.00;5.00;0.50;4.00;7.00;2.00;3.00;6.00;8.00;3.00;1.50;4.00;;;;;;;;;;;;;;;;;;;;;;;;;;;;;;;;;;;;;;;;;;;;;;;;;;;;;;;;;;
2020-08-13;1.50;8.00;0.70;6.00;1.00;0.70;3.00;0.50;0.80;2.00;0.80;0.70;0.40;1.00;0.50;1.50;3.00;2.50;0.50;0.70;1.50;2.00;6.00;6.00;1.50;1.00;2.50;0.80;17.00;10.00;0.70;1.50;1.50;2.00;1.00;2.00;1.50;3.00;0.80;0.50;0.50;1.00;1.00;2.00;1.00;0.50;0.00;0.50;0.50;0.50;0.70;7.00;0.30;5.00;15.00;5.00;4.00;7.00;10.00;5.00;5.50;6.00;5.00;2.00;2.00;5.00;0.50;3.00;5.00;7.00;1.00;0.50;1.00;0.80;0.50;3.00;8.00;4.00;;;;;;;;;;;;;;;;;;;;;;;;;;;;;;;;;;;;;;;;;;;;;;;;;;;;;;;;;;;;;;;;;;;;;
2020-08-10;1.00;1.00;0.70;4.00;1.00;1.00;0.70;3.00;0.50;0.50;2.00;0.80;0.50;0.70;0.40;2.00;1.00;0.50;1.50;0.50;3.00;2.50;0.50;0.70;1.50;5.00;1.00;0.50;1.50;0.80;2.50;0.80;17.00;10.00;0.70;1.50;2.00;1.00;0.50;2.00;1.00;2.00;1.50;3.00;0.50;0.50;1.00;1.00;1.00;2.00;1.00;0.50;1.00;1.00;0.50;1.50;1.50;1.00;0.50;0.70;7.00;0.50;4.00;0.50;6.00;5.00;15.00;5.00;4.00;7.00;10.00;5.00;3.00;4.00;6.00;5.00;2.00;5.00;4.00;7.00;2.00;3.00;6.00;8.00;3.00;1.50;4.00;;;;;;;;;;;;;;;;;;;;;;;;;;;;;;;;;;;;;;;;;;;;;;;;;;;;;;;;;;;;
2020-08-06;2.50;1.50;0.70;1.00;0.50;3.00;1.00;0.70;4.00;1.00;1.00;0.70;3.00;0.50;0.50;2.00;0.80;1.00;0.50;0.70;0.40;2.00;1.00;0.50;1.50;1.00;3.00;2.50;0.50;0.70;1.50;5.00;1.00;0.50;0.80;0.80;2.50;0.80;17.00;10.00;0.70;1.50;1.50;1.00;2.00;1.00;2.00;1.50;3.00;0.50;0.50;1.00;1.00;1.00;2.00;1.00;0.50;1.00;1.00;0.50;2.00;0.80;1.00;0.50;0.70;7.00;4.00;0.50;4.00;5.00;15.00;5.00;4.00;7.00;10.00;5.00;15.00;3.00;4.00;6.00;5.00;2.00;5.00;0.50;4.00;4.00;2.00;3.00;6.00;3.00;3.00;1.50;4.00;;;;;;;;;;;;;;;;;;;;;;;;;;;;;;;;;;;;;;;;;;;;;;;;;;;;;;
2020-07-27;1.50;0.70;1.00;0.50;3.00;1.00;0.70;1.00;1.00;0.70;3.00;0.50;0.50;2.00;0.80;1.00;0.50;0.70;2.00;1.00;0.50;1.50;1.00;3.00;1.50;0.50;1.00;5.00;1.00;0.50;0.80;0.80;0.80;10.00;0.70;2.50;2.00;1.00;2.00;1.50;0.50;0.50;3.00;1.00;1.00;1.00;2.00;1.00;0.50;1.00;1.00;0.50;2.00;0.80;1.00;0.70;7.00;0.50;4.00;0.50;6.00;4.00;15.00;2.50;7.00;7.00;5.00;2.00;3.00;6.00;5.00;2.00;5.00;0.50;5.00;2.00;3.00;6.00;3.00;3.00;1.50;4.00;;;;;;;;;;;;;;;;;;;;;;;;;;;;;;;;;;;;;;;;;;;;;;;;;;;;;;;;;;;;;;;;;
2020-07-23;1.50;0.70;1.50;0.50;2.00;1.00;0.70;4.00;1.00;1.00;0.70;3.00;1.00;0.50;1.00;1.00;1.00;0.50;0.70;2.00;1.00;1.00;1.50;1.00;3.00;1.50;0.50;1.00;5.00;1.00;0.50;0.80;0.80;0.80;10.00;0.70;8.00;3.50;1.00;1.00;2.00;1.50;0.50;0.50;3.00;1.00;1.00;1.50;2.00;2.00;0.50;1.00;1.00;0.70;2.00;1.00;1.00;0.50;0.70;7.00;0.50;4.00;0.50;6.00;6.00;15.00;2.00;2.00;7.00;8.00;6.00;3.00;3.00;6.00;5.00;2.00;5.00;0.70;3.50;2.50;3.00;6.00;2.00;3.00;1.50;4.00;;;;;;;;;;;;;;;;;;;;;;;;;;;;;;;;;;;;;;;;;;;;;;;;;;;;;;;;;;;;;
2020-07-20;1.50;0.70;1.50;0.50;2.00;1.00;0.70;1.00;1.00;3.00;1.00;0.50;1.00;1.00;0.50;0.70;2.00;1.00;1.00;1.50;1.00;3.00;1.50;0.50;1.00;5.00;1.00;0.50;0.80;0.80;0.80;10.00;0.70;8.00;3.50;1.00;1.00;2.00;1.50;0.50;0.50;3.00;1.00;1.00;1.50;2.00;2.00;0.50;1.00;1.00;0.70;2.00;1.00;1.00;0.50;0.70;7.00;0.50;4.00;0.50;6.00;15.00;2.50;2.50;7.00;8.00;6.00;3.00;3.00;6.00;5.00;2.00;5.00;0.70;5.00;2.50;3.00;6.00;2.00;3.00;1.50;4.00;;;;;;;;;;;;;;;;;;;;;;;;;;;;;;;;;;;;;;;;;;;;;;;;;;;;;;;;;;;;;;;;;
2020-07-16;1.50;0.70;2.00;0.50;2.00;3.00;0.70;4.00;2.00;1.00;3.00;1.00;0.50;3.00;1.00;0.50;0.70;2.00;1.00;1.00;1.50;1.50;3.00;1.50;0.50;1.00;5.00;1.00;0.50;0.80;0.80;0.80;10.00;0.70;8.00;2.00;1.00;2.00;1.50;0.50;0.50;2.50;3.00;1.50;2.00;2.00;2.00;2.00;0.50;1.00;2.00;0.70;2.00;1.00;1.00;0.50;0.70;7.00;0.50;4.00;0.50;6.00;15.00;2.00;2.50;7.00;8.00;6.00;3.00;3.00;6.00;5.00;2.00;5.00;0.70;3.50;2.50;3.00;6.00;2.00;3.00;1.50;4.00;;;;;;;;;;;;;;;;;;;;;;;;;;;;;;;;;;;;;;;;;;;;;;;;;;;;;;;;;;;;;;;;
2020-07-14;1.50;0.70;2.00;0.50;2.00;3.00;0.70;4.00;2.00;1.00;3.00;1.00;0.50;3.00;1.00;0.50;0.70;2.00;1.00;1.00;1.50;1.50;3.00;1.50;0.50;1.00;5.00;1.00;0.50;0.80;0.80;0.80;10.00;0.70;8.00;2.00;1.00;2.00;1.50;0.50;0.50;2.50;3.00;1.50;2.00;2.00;2.00;2.00;0.50;1.00;2.00;0.70;2.00;1.00;1.00;0.50;0.70;7.00;0.50;4.00;0.50;6.00;15.00;2.50;2.50;7.00;8.00;6.00;3.00;3.00;6.00;5.00;2.00;5.00;0.70;3.50;2.50;3.00;6.00;2.00;3.00;1.50;4.00;;;;;;;;;;;;;;;;;;;;;;;;;;;;;;;;;;;;;;;;;;;;;;;;;;;;;;;;;;;;;;;;
2020-07-09;1.50;0.70;2.00;0.50;2.00;3.00;0.70;4.00;2.00;1.00;3.00;1.00;0.50;3.00;1.00;0.50;0.70;2.00;1.00;1.00;1.50;1.50;3.00;1.50;0.50;1.00;5.00;1.00;0.50;0.80;0.80;0.80;10.00;0.70;8.00;2.00;1.00;2.00;1.50;0.50;0.50;2.50;3.00;1.50;2.00;2.00;4.00;2.00;0.50;1.00;2.00;0.70;1.00;1.00;0.50;0.70;7.00;0.50;4.00;0.50;4.00;15.00;2.50;2.50;7.00;8.00;6.00;3.00;3.00;6.00;5.00;2.00;5.00;0.70;3.50;2.50;3.00;6.00;2.00;3.00;1.50;4.00;;;;;;;;;;;;;;;;;;;;;;;;;;;;;;;;;;;;;;;;;;;;;;;;;;;;;;;;;;;;;;;;;
2020-07-06;2.00;0.50;2.00;0.50;1.50;3.00;1.50;4.00;2.00;1.00;3.00;1.00;0.50;3.00;2.00;0.50;0.70;2.00;1.00;1.00;1.50;2.00;3.00;1.50;0.50;1.00;5.00;1.00;0.50;0.50;0.50;0.80;10.00;5.00;0.70;8.00;4.00;2.00;1.00;2.00;1.50;0.50;0.50;2.50;3.00;2.00;2.00;2.00;4.00;2.00;0.50;1.00;3.00;0.70;1.00;1.00;0.50;0.70;7.00;0.50;4.00;0.50;6.00;15.00;2.50;1.00;5.00;8.00;6.00;3.00;3.00;6.00;5.00;2.00;5.00;0.50;3.50;2.50;3.00;6.00;2.00;3.00;1.50;4.00;;;;;;;;;;;;;;;;;;;;;;;;;;;;;;;;;;;;;;;;;;;;;;;;;;;;;;;;;;;;;;;
2020-07-02;2.00;0.50;2.00;0.50;3.00;3.00;1.50;4.00;2.00;1.00;3.00;1.00;1.50;3.00;2.00;1.00;0.70;2.00;1.00;1.00;1.50;2.00;3.00;1.50;0.50;1.00;1.00;5.00;1.00;0.50;0.50;0.50;0.80;10.00;5.00;0.70;8.00;4.00;2.00;1.00;2.00;1.50;1.00;2.00;0.50;2.50;3.00;2.00;2.00;2.00;4.00;2.00;0.50;1.00;3.00;0.70;1.00;1.00;0.50;0.70;7.00;0.50;5.00;0.50;8.00;15.00;2.50;1.00;5.00;8.00;6.00;3.00;3.00;6.00;5.00;2.00;5.00;0.50;3.50;2.50;3.00;6.00;2.00;3.00;1.50;4.00;;;;;;;;;;;;;;;;;;;;;;;;;;;;;;;;;;;;;;;;;;;;;;;;;;;;;;;;;;;;;
2020-06-29;2.00;0.50;2.00;0.50;3.00;3.00;1.50;4.00;2.50;1.00;3.00;1.00;1.50;3.00;2.00;1.00;0.70;2.00;1.00;1.00;1.50;2.00;3.00;1.50;0.50;1.00;1.00;5.00;1.00;0.50;0.50;0.50;0.50;10.00;5.00;0.70;8.00;5.00;2.00;1.00;2.00;1.50;1.00;2.00;0.50;2.50;3.00;2.00;2.00;2.00;4.00;2.00;0.50;1.00;3.00;0.70;1.00;1.50;0.50;0.70;7.00;0.50;5.00;0.50;10.00;15.00;2.50;1.00;5.00;8.00;6.00;3.00;3.00;6.00;5.00;2.00;5.00;0.50;3.50;2.50;3.00;6.00;3.00;3.00;1.50;4.00;;;;;;;;;;;;;;;;;;;;;;;;;;;;;;;;;;;;;;;;;;;;;;;;;;;;;;;;;;;;;
2020-06-25;2.00;0.50;2.00;0.50;3.00;3.00;1.50;4.00;2.50;1.00;3.00;1.00;1.50;3.00;2.00;1.00;0.70;2.00;1.00;1.00;1.50;2.00;3.00;1.50;0.50;1.00;1.00;5.00;2.50;0.50;0.50;0.50;0.80;10.00;5.00;0.70;8.00;3.00;1.00;2.00;1.50;1.00;2.00;0.50;2.50;3.00;2.50;2.00;2.00;4.00;2.00;0.50;1.00;3.00;0.70;1.50;1.50;0.50;0.70;7.00;0.50;5.00;0.50;10.00;15.00;2.50;1.00;5.00;8.00;6.00;3.00;3.00;6.00;5.00;2.00;5.00;0.50;4.00;3.00;3.50;6.00;3.00;3.00;1.50;4.00;;;;;;;;;;;;;;;;;;;;;;;;;;;;;;;;;;;;;;;;;;;;;;;;;;;;;;;;;;;;;;
2020-06-22;2.00;0.50;0.50;1.50;1.00;1.00;1.00;0.70;2.00;1.00;1.00;1.50;2.50;3.00;1.50;0.50;1.00;0.80;5.00;2.50;0.50;0.50;0.50;0.80;10.00;5.00;0.70;8.00;3.00;1.00;2.00;1.50;1.00;0.50;2.50;4.00;2.50;3.00;2.00;4.00;2.00;0.50;1.00;6.00;1.00;1.50;1.50;0.50;1.00;7.00;0.50;5.00;0.50;20.00;2.50;1.00;5.00;8.00;6.00;3.00;3.00;6.00;5.00;2.00;5.00;0.50;4.00;4.00;3.50;6.00;3.00;3.00;1.50;4.00;;;;;;;;;;;;;;;;;;;;;;;;;;;;;;;;;;;;;;;;;;;;;;;;;;;;;;;;;;;;;;;;;;;;;;;;;
2020-06-18;2.00;0.50;0.50;1.50;1.00;1.00;1.00;0.70;2.00;1.00;1.00;1.50;2.50;3.00;1.50;0.50;1.00;0.80;5.00;2.50;0.50;0.50;0.50;0.80;10.00;5.00;0.70;8.00;6.00;1.00;2.00;1.50;1.00;2.00;0.50;2.50;4.00;2.50;3.00;2.00;4.00;4.00;0.50;1.00;6.00;1.50;1.50;1.50;0.50;1.00;7.00;0.50;5.00;0.50;10.00;20.00;2.50;1.00;5.00;8.00;6.00;3.00;3.00;6.00;1.00;5.00;2.00;5.00;0.50;4.00;6.00;2.00;3.50;6.00;5.00;3.00;1.50;4.00;;;;;;;;;;;;;;;;;;;;;;;;;;;;;;;;;;;;;;;;;;;;;;;;;;;;;;;;;;;;;;;;;;;;;
2020-06-15;2.00;0.50;0.50;1.50;1.00;1.00;1.00;0.70;2.00;1.00;1.00;1.50;2.50;3.00;1.50;0.50;1.00;0.80;5.00;2.50;0.50;0.50;0.50;0.80;10.00;5.00;0.70;8.00;10.00;1.00;2.00;3.00;1.00;2.00;0.50;2.50;4.00;2.50;3.00;2.00;4.00;4.00;0.50;1.00;6.00;1.50;1.50;1.50;0.50;1.00;7.00;0.50;5.00;0.50;20.00;2.50;3.00;8.00;8.00;6.00;3.00;3.00;6.00;1.00;5.00;2.00;5.00;0.50;4.00;6.00;2.00;3.50;6.00;5.00;3.00;1.50;4.00;;;;;;;;;;;;;;;;;;;;;;;;;;;;;;;;;;;;;;;;;;;;;;;;;;;;;;;;;;;;;;;;;;;;;;
2020-06-11;2.00;0.50;0.50;1.50;1.00;1.00;2.00;0.70;1.00;1.00;1.00;1.50;2.50;3.00;1.50;0.50;1.00;0.80;5.00;2.30;0.50;0.50;0.50;0.80;10.00;5.00;0.70;8.00;10.00;1.00;2.00;3.00;2.00;2.00;0.50;2.50;4.00;2.50;3.00;2.00;4.00;4.00;0.50;1.00;6.00;1.00;1.00;1.00;0.50;1.00;7.00;0.50;5.00;0.50;20.00;2.50;3.00;8.00;9.00;6.00;3.00;3.00;6.00;1.00;5.00;2.00;5.00;0.50;4.00;5.00;6.00;2.00;3.50;6.00;5.00;3.00;1.50;4.00;;;;;;;;;;;;;;;;;;;;;;;;;;;;;;;;;;;;;;;;;;;;;;;;;;;;;;;;;;;;;;;;;;;;;
2020-06-08;2.00;0.50;0.50;1.50;2.00;1.00;2.00;1.00;1.00;1.00;1.00;1.50;2.50;2.00;1.50;0.50;1.00;0.80;5.00;2.30;0.50;1.50;1.00;0.80;20.00;5.00;0.70;10.00;5.00;1.00;2.00;2.00;2.00;2.00;0.50;2.50;4.00;2.50;3.00;2.00;4.00;4.00;0.50;1.00;6.00;1.00;1.00;1.00;0.50;1.00;7.00;0.50;5.00;0.50;20.00;2.50;3.00;8.00;9.00;6.00;3.00;3.00;5.00;1.00;5.00;2.00;5.00;0.50;4.00;5.00;6.00;2.00;3.50;6.00;7.00;3.00;2.00;4.00;;;;;;;;;;;;;;;;;;;;;;;;;;;;;;;;;;;;;;;;;;;;;;;;;;;;;;;;;;;;;;;;;;;;;
2020-06-04;2.00;0.50;0.50;1.50;2.00;1.00;2.00;1.00;1.00;1.00;1.00;1.50;1.50;2.00;1.50;0.50;1.00;1.00;5.00;2.30;0.50;1.50;1.00;0.80;10.00;5.00;0.70;4.00;1.00;2.00;2.00;2.00;2.00;0.50;2.50;4.00;2.00;2.00;1.00;5.00;4.00;0.50;1.00;4.00;1.00;1.00;1.00;0.50;1.00;7.00;0.50;7.00;0.50;5.00;30.00;2.50;3.00;8.00;9.00;7.00;3.00;3.00;5.00;1.00;3.00;2.00;5.00;0.80;4.00;5.00;6.00;2.00;3.50;6.00;7.00;3.00;2.00;4.00;;;;;;;;;;;;;;;;;;;;;;;;;;;;;;;;;;;;;;;;;;;;;;;;;;;;;;;;;;;;;;;;;;;;;
2020-06-01;2.00;0.50;0.50;2.00;1.50;2.00;1.00;1.00;1.00;1.00;1.00;1.00;1.50;1.50;2.00;1.50;0.50;1.00;1.00;5.00;2.30;0.50;1.50;1.00;0.80;10.00;5.00;0.70;2.00;1.00;2.00;2.00;1.00;3.00;0.50;1.50;4.00;1.00;1.50;1.00;5.00;0.50;1.00;3.00;1.00;1.00;1.00;0.50;1.00;7.00;0.50;5.00;0.50;5.00;2.50;3.00;8.00;9.00;7.00;3.00;3.00;5.00;1.00;3.00;2.00;5.00;0.80;5.00;6.00;2.00;6.00;7.00;3.00;2.00;4.00;;;;;;;;;;;;;;;;;;;;;;;;;;;;;;;;;;;;;;;;;;;;;;;;;;;;;;;;;;;;;;;;;;;;;;;;
2020-05-29;1.00;1.00;2.00;1.00;1.00;1.00;1.00;8.00;1.00;1.00;0.50;1.00;1.00;3.00;0.50;10.00;1.00;0.80;0.80;10.00;7.00;0.70;1.00;2.00;1.00;1.00;3.00;2.00;0.50;1.00;1.00;1.00;1.00;5.00;5.00;0.50;1.00;3.00;1.00;2.00;1.00;0.50;1.00;7.00;0.50;0.50;5.00;20.00;2.00;3.00;8.00;9.00;7.00;3.00;5.00;1.00;4.00;5.00;2.00;2.00;1.00;5.00;5.00;6.00;2.00;6.00;2.00;4.00;;;;;;;;;;;;;;;;;;;;;;;;;;;;;;;;;;;;;;;;;;;;;;;;;;;;;;;;;;;;;;;;;;;;;;;;;;;;;;;
2020-05-21;1.20;1.00;2.00;1.50;1.00;1.50;1.00;3.00;1.20;1.50;0.50;1.00;1.00;1.50;0.50;10.00;0.50;0.50;0.80;5.00;5.00;0.70;1.50;2.00;1.00;2.00;2.00;1.00;0.70;3.00;2.00;0.50;1.50;1.00;1.50;1.00;5.00;4.00;0.50;1.00;3.00;1.50;2.00;0.50;1.00;7.00;0.50;0.50;5.00;3.00;3.00;40.00;2.50;3.00;4.00;8.00;9.00;7.00;5.00;3.00;3.00;1.00;7.00;3.00;2.50;2.50;1.00;5.00;5.00;6.00;1.50;2.00;6.00;2.50;4.00;;;;;;;;;;;;;;;;;;;;;;;;;;;;;;;;;;;;;;;;;;;;;;;;;;;;;;;;;;;;;;;;;;;;;;;;
2020-05-18;1.00;1.00;2.00;1.00;1.00;1.00;3.00;1.00;1.00;0.00;1.00;1.00;1.00;0.00;10.00;0.00;0.00;0.00;5.00;5.00;0.00;1.00;2.00;1.00;2.00;2.00;1.00;0.00;3.00;2.00;0.00;1.00;1.00;1.00;1.00;5.00;6.00;0.00;1.00;3.00;1.00;2.00;1.00;0.00;1.00;7.00;0.00;0.00;5.00;3.00;40.00;2.00;0.00;4.00;8.00;9.00;7.00;5.00;3.00;3.00;5.00;1.00;7.00;3.00;2.00;2.00;1.00;5.00;5.00;6.00;1.00;6.00;2.00;4.00;;;;;;;;;;;;;;;;;;;;;;;;;;;;;;;;;;;;;;;;;;;;;;;;;;;;;;;;;;;;;;;;;;;;;;;;;
2020-05-11;1.20;1.00;2.00;1.50;1.00;1.50;1.50;3.00;2.00;1.50;0.50;1.00;1.50;0.50;10.00;1.00;1.00;0.80;15.00;5.00;0.70;2.00;3.00;1.00;2.00;2.00;1.00;0.70;3.00;2.00;0.50;1.50;1.00;1.50;1.00;5.00;6.00;0.50;1.00;3.00;1.50;3.00;1.50;0.50;1.00;7.00;0.50;0.50;5.00;3.00;3.00;40.00;2.50;0.00;4.00;8.00;9.00;7.00;5.00;3.00;3.00;5.00;1.00;7.00;3.00;2.50;2.50;1.00;5.00;5.00;6.00;2.00;6.00;2.50;4.00;;;;;;;;;;;;;;;;;;;;;;;;;;;;;;;;;;;;;;;;;;;;;;;;;;;;;;;;;;;;;;;;;;;;;;;;
2020-05-07;1.20;1.00;2.00;1.50;1.00;1.50;1.50;3.00;1.50;0.50;2.00;1.00;1.50;0.50;10.00;2.50;1.50;0.80;20.00;7.00;0.70;2.00;4.00;1.00;2.00;2.00;1.00;0.70;5.00;2.00;0.50;1.50;1.50;2.50;1.50;5.00;6.00;0.50;1.00;3.00;1.50;3.00;1.50;0.50;1.00;7.00;0.50;0.50;5.00;3.00;3.00;40.00;2.50;4.00;4.00;8.00;9.00;7.50;5.00;3.00;4.00;5.00;1.00;7.00;5.00;2.50;2.50;1.00;5.00;5.00;6.00;1.50;2.00;6.00;2.50;4.00;;;;;;;;;;;;;;;;;;;;;;;;;;;;;;;;;;;;;;;;;;;;;;;;;;;;;;;;;;;;;;;;;;;;;;;
2020-05-04;0.70;1.00;4.00;1.50;1.00;1.50;2.50;5.00;1.50;0.50;2.00;1.00;1.00;0.50;10.00;2.50;1.50;1.00;20.00;15.00;0.70;2.00;4.00;1.00;1.00;2.00;1.00;1.00;0.70;10.00;8.00;0.50;1.50;2.50;3.00;2.50;7.00;6.00;0.50;1.00;4.00;1.00;3.00;2.00;0.50;1.00;7.00;0.50;0.50;5.00;3.00;3.00;50.00;2.50;4.00;8.00;9.00;7.50;5.00;5.00;4.00;1.00;4.00;6.00;5.00;2.50;1.00;5.00;5.00;6.00;1.50;6.00;6.00;2.50;4.00;;;;;;;;;;;;;;;;;;;;;;;;;;;;;;;;;;;;;;;;;;;;;;;;;;;;;;;;;;;;;;;;;;;;;;;;
2020-04-30;0.70;1.00;4.00;1.50;1.00;1.50;2.50;5.00;2.00;1.00;2.00;4.00;1.00;1.00;2.00;1.00;1.00;0.70;8.00;0.50;1.50;2.50;3.00;2.50;7.00;6.00;0.50;1.00;4.00;1.00;3.00;2.00;0.50;1.00;7.00;0.50;0.50;5.00;3.00;4.00;8.00;9.00;7.50;5.00;5.00;4.00;4.00;1.00;4.00;6.00;5.00;2.50;2.50;1.00;5.00;5.00;6.00;2.50;4.00;;;;;;;;;;;;;;;;;;;;;;;;;;;;;;;;;;;;;;;;;;;;;;;;;;;;;;;;;;;;;;;;;;;;;;;;;;;;;;;;;;;;;;;;
2020-04-27;0.70;1.50;4.00;1.50;1.00;1.50;2.50;5.00;1.50;0.50;2.00;1.00;1.00;0.50;10.00;1.50;1.00;1.50;30.00;0.70;2.00;4.00;1.00;1.00;2.00;1.00;1.00;0.70;10.00;0.50;1.50;2.50;3.00;2.50;7.00;6.00;0.50;0.70;4.00;1.00;3.00;2.00;0.50;1.00;7.00;0.50;0.50;5.00;3.00;3.00;50.00;2.50;4.00;8.00;9.00;7.50;8.00;3.00;4.00;4.00;1.00;4.00;3.50;10.00;2.50;2.50;1.00;5.00;5.00;6.00;1.50;5.00;6.00;2.50;4.00;;;;;;;;;;;;;;;;;;;;;;;;;;;;;;;;;;;;;;;;;;;;;;;;;;;;;;;;;;;;;;;;;;;;;;;;
2020-04-23;0.70;1.50;4.00;1.50;1.00;1.50;3.00;5.00;1.50;0.50;2.00;1.00;1.00;0.50;10.00;1.50;1.00;1.50;30.00;0.70;2.00;4.00;1.00;1.00;2.00;1.00;1.00;0.70;10.00;0.50;1.50;3.00;4.00;3.00;7.00;6.00;0.50;0.70;4.00;1.00;3.00;3.00;2.00;1.00;7.00;0.50;0.50;3.00;50.00;2.50;4.00;8.00;9.00;7.50;8.00;5.00;4.00;4.00;4.00;3.50;10.00;2.50;2.50;1.00;5.00;5.00;6.00;1.50;5.00;6.00;2.50;4.00;;;;;;;;;;;;;;;;;;;;;;;;;;;;;;;;;;;;;;;;;;;;;;;;;;;;;;;;;;;;;;;;;;;;;;;;;;;
2020-04-20;0.70;1.50;2.00;1.50;1.00;1.50;3.00;5.00;1.50;0.50;2.00;1.00;1.00;0.50;2.50;30.00;0.70;2.00;4.00;1.00;1.00;2.00;1.00;0.70;10.00;0.50;1.50;3.50;4.00;3.00;10.00;6.00;0.50;0.70;4.00;1.00;3.00;2.00;0.50;1.00;7.00;5.00;3.00;3.00;50.00;2.50;4.00;6.00;9.00;7.50;4.00;4.00;0.70;4.00;3.00;10.00;2.50;2.50;1.00;5.00;5.00;6.00;1.50;5.00;6.00;2.50;4.00;;;;;;;;;;;;;;;;;;;;;;;;;;;;;;;;;;;;;;;;;;;;;;;;;;;;;;;;;;;;;;;;;;;;;;;;;;;;;;;;
2020-04-13;1.50;2.00;1.50;1.00;1.50;3.00;5.00;1.50;0.50;2.00;1.00;1.00;0.50;10.00;2.00;1.00;1.50;30.00;0.70;2.00;4.00;1.00;1.00;2.00;1.00;1.00;1.50;10.00;0.50;1.50;4.00;4.00;3.00;10.00;6.00;0.50;0.70;5.00;1.00;3.00;2.00;0.50;1.00;7.00;0.50;0.50;5.00;3.00;3.00;85.00;1.50;4.00;6.00;7.50;6.00;8.00;5.00;4.00;4.00;0.70;4.00;3.00;10.00;2.50;2.50;2.50;1.00;5.00;5.00;6.00;1.50;5.00;6.00;2.00;;;;;;;;;;;;;;;;;;;;;;;;;;;;;;;;;;;;;;;;;;;;;;;;;;;;;;;;;;;;;;;;;;;;;;;;;
2020-04-09;0.70;1.00;2.00;1.50;1.00;1.50;3.00;5.00;1.50;0.50;2.00;1.00;1.00;0.50;10.00;1.50;0.80;1.50;30.00;0.70;2.00;4.00;1.00;1.00;2.00;1.00;1.00;0.70;10.00;0.50;1.50;4.00;4.00;3.00;10.00;6.00;0.50;0.70;7.00;1.00;2.50;1.00;0.50;1.00;7.00;0.50;0.50;5.00;3.00;3.00;1.50;4.00;6.00;7.50;6.00;8.00;5.00;4.00;4.00;0.70;4.00;3.00;10.00;2.50;2.50;1.00;5.00;5.00;6.00;1.50;5.00;6.00;2.50;2.00;;;;;;;;;;;;;;;;;;;;;;;;;;;;;;;;;;;;;;;;;;;;;;;;;;;;;;;;;;;;;;;;;;;;;;;;;
2020-04-06;0.70;1.00;2.00;1.50;1.00;1.50;5.00;5.00;1.50;0.50;2.00;1.00;1.00;0.50;10.00;1.50;0.80;1.50;30.00;0.70;2.00;4.00;1.00;1.00;1.50;1.00;1.00;0.70;10.00;0.50;1.50;5.00;5.00;4.00;10.00;6.00;0.50;0.70;9.00;1.00;2.50;1.00;0.50;1.00;7.00;0.50;0.50;3.50;3.00;2.50;1.50;4.00;6.00;7.50;5.00;8.00;5.00;4.00;4.00;0.70;4.00;3.00;10.00;2.50;2.50;1.00;5.00;5.00;6.00;1.50;5.00;6.00;2.50;2.00;;;;;;;;;;;;;;;;;;;;;;;;;;;;;;;;;;;;;;;;;;;;;;;;;;;;;;;;;;;;;;;;;;;;;;;;;
2020-04-02;0.70;1.00;2.00;1.50;1.00;1.50;5.00;5.00;1.50;0.50;2.00;1.00;1.00;0.50;10.00;1.50;1.00;1.50;30.00;0.70;4.00;5.00;1.00;1.00;1.00;1.00;1.00;0.70;10.00;0.50;1.50;5.00;5.00;4.00;10.00;4.00;0.50;0.70;9.00;1.00;1.50;0.70;0.50;1.00;7.00;0.50;0.50;3.50;3.00;2.50;1.50;4.00;6.00;7.50;5.00;8.00;5.00;4.50;4.00;0.70;4.00;4.00;10.00;2.50;2.50;1.00;5.00;6.00;6.00;1.50;5.00;6.00;2.50;2.00;;;;;;;;;;;;;;;;;;;;;;;;;;;;;;;;;;;;;;;;;;;;;;;;;;;;;;;;;;;;;;;;;;;;;;;;;
2020-03-31;0.70;1.00;2.00;1.50;1.00;1.50;5.00;5.00;1.50;0.50;2.00;1.00;1.00;0.50;10.00;1.50;1.00;1.50;30.00;0.70;4.00;5.00;1.00;1.00;1.00;1.00;1.00;0.70;10.00;0.50;3.00;5.00;5.00;4.00;10.00;4.00;0.50;0.70;9.00;1.00;1.50;0.70;0.50;1.00;7.00;0.50;0.50;3.50;3.00;2.50;1.50;5.00;6.00;7.50;5.00;10.00;5.00;4.50;4.00;0.70;3.00;4.00;10.00;2.50;2.50;1.00;5.00;7.00;6.00;1.50;6.00;2.50;2.00;;;;;;;;;;;;;;;;;;;;;;;;;;;;;;;;;;;;;;;;;;;;;;;;;;;;;;;;;;;;;;;;;;;;;;;;;;
2020-03-26;0.70;1.50;2.00;2.50;1.50;2.00;5.00;5.00;1.50;0.50;2.00;1.00;1.00;0.50;10.00;3.00;2.00;1.50;30.00;0.70;4.00;5.00;1.00;1.00;1.50;2.00;1.00;0.70;10.00;0.70;3.00;5.00;5.00;4.00;10.00;4.00;0.70;0.70;9.00;1.50;1.50;0.70;0.70;1.50;7.00;0.50;0.50;3.50;3.00;2.50;1.50;5.00;6.00;7.50;6.00;5.00;4.50;4.00;0.70;3.00;4.00;10.00;2.00;2.00;1.00;5.00;7.00;6.00;1.50;6.00;2.00;2.00;;;;;;;;;;;;;;;;;;;;;;;;;;;;;;;;;;;;;;;;;;;;;;;;;;;;;;;;;;;;;;;;;;;;;;;;;;;
2020-03-23;0.70;3.00;2.00;2.50;1.50;2.00;7.00;4.00;3.00;0.50;2.00;1.00;1.00;0.50;12.00;4.00;3.00;1.50;30.00;0.70;4.00;10.00;1.00;1.00;1.50;2.00;2.00;0.70;10.00;0.70;3.00;7.00;6.00;4.50;10.00;6.00;0.70;0.70;9.00;4.00;2.50;0.70;0.70;4.00;7.00;0.50;0.50;3.50;3.00;2.50;1.50;6.00;7.50;6.00;5.00;9.00;4.00;0.70;3.00;4.00;2.00;2.00;1.00;5.00;3.50;7.00;6.00;1.50;6.00;2.00;2.00;;;;;;;;;;;;;;;;;;;;;;;;;;;;;;;;;;;;;;;;;;;;;;;;;;;;;;;;;;;;;;;;;;;;;;;;;;;;
2020-03-19;0.70;3.00;5.00;2.50;1.50;2.00;7.00;2.50;3.00;0.50;1.50;1.00;0.50;0.50;12.00;4.00;3.00;20.00;0.70;4.00;10.00;1.00;1.00;1.00;2.00;2.00;0.70;10.00;0.70;3.00;7.00;6.00;4.50;10.00;6.00;0.70;0.70;9.00;4.00;2.50;1.50;0.70;4.00;7.00;0.50;0.50;3.50;3.00;2.50;1.50;7.50;6.00;5.00;4.50;4.00;0.70;3.00;4.00;2.00;2.00;1.00;5.00;3.50;6.00;1.50;6.00;2.00;2.00;;;;;;;;;;;;;;;;;;;;;;;;;;;;;;;;;;;;;;;;;;;;;;;;;;;;;;;;;;;;;;;;;;;;;;;;;;;;;;;
2020-03-16;0.70;3.00;5.00;3.00;1.50;2.00;6.00;2.50;2.00;0.50;1.00;1.00;0.50;0.50;12.00;4.00;3.00;1.00;20.00;0.70;4.00;10.00;1.00;1.00;1.00;2.00;2.00;0.70;10.00;0.70;3.00;6.00;6.00;4.50;10.00;6.00;0.70;0.70;9.00;4.00;2.50;1.50;0.70;4.00;7.00;0.50;0.50;3.50;3.00;2.50;1.50;4.00;7.50;6.00;5.00;3.50;4.00;0.70;3.00;8.00;2.00;2.00;1.00;5.00;3.50;6.00;1.50;6.00;2.00;2.00;;;;;;;;;;;;;;;;;;;;;;;;;;;;;;;;;;;;;;;;;;;;;;;;;;;;;;;;;;;;;;;;;;;;;;;;;;;;;
2020-03-12;0.70;3.50;5.00;3.00;1.50;2.00;6.00;2.50;4.00;0.50;1.00;1.00;0.50;0.50;12.00;4.00;3.00;1.00;20.00;0.70;4.00;10.00;1.00;1.00;1.00;1.50;2.50;0.70;14.00;0.70;2.50;6.00;6.00;3.00;8.00;6.00;0.70;0.70;9.00;3.50;3.00;2.00;0.70;4.00;7.00;0.50;0.50;3.50;3.00;2.50;1.50;4.00;7.50;6.00;5.00;3.50;4.00;0.70;3.00;8.00;2.00;2.00;1.00;5.00;3.50;6.00;1.50;6.00;2.00;2.00;;;;;;;;;;;;;;;;;;;;;;;;;;;;;;;;;;;;;;;;;;;;;;;;;;;;;;;;;;;;;;;;;;;;;;;;;;;;;
2020-03-09;0.70;3.50;5.00;3.00;1.50;2.00;4.50;2.50;4.00;0.50;1.00;1.20;0.50;0.50;12.00;4.00;3.00;1.00;15.00;0.70;4.00;8.00;1.00;1.00;1.00;2.00;2.50;0.70;14.00;0.70;5.00;6.00;3.00;8.00;6.00;0.70;0.70;9.00;3.50;3.00;2.00;0.70;4.00;7.00;0.50;0.50;3.50;3.00;2.50;1.50;4.00;7.50;3.50;5.00;3.50;4.00;0.70;3.00;8.00;2.00;2.00;1.00;5.00;3.50;6.00;1.50;6.00;2.00;2.00;;;;;;;;;;;;;;;;;;;;;;;;;;;;;;;;;;;;;;;;;;;;;;;;;;;;;;;;;;;;;;;;;;;;;;;;;;;;;;
2020-03-05;0.70;4.00;5.00;3.00;1.50;2.00;6.00;2.50;4.00;0.50;1.00;1.20;0.50;0.50;4.50;3.00;1.00;15.00;0.70;4.00;8.00;1.00;1.00;1.00;2.00;2.50;0.70;14.00;0.70;5.00;6.00;3.50;8.00;6.00;0.70;0.70;9.00;4.00;3.00;2.00;0.70;4.00;7.00;0.50;0.50;3.50;3.00;2.50;1.50;4.00;7.50;6.00;5.00;3.50;4.00;0.70;3.00;8.00;2.00;2.00;1.00;5.00;3.50;6.00;1.50;6.00;2.00;2.00;;;;;;;;;;;;;;;;;;;;;;;;;;;;;;;;;;;;;;;;;;;;;;;;;;;;;;;;;;;;;;;;;;;;;;;;;;;;;;;
2020-03-02;0.70;4.00;5.00;3.00;1.50;2.00;7.00;2.50;5.00;0.50;1.00;1.20;0.50;0.50;4.50;3.50;1.00;15.00;0.70;8.00;1.00;1.00;1.00;2.00;3.00;0.70;0.70;5.00;6.00;3.50;8.00;6.00;0.70;0.70;9.00;4.00;3.00;2.00;0.70;5.00;7.00;0.50;0.50;8.00;3.50;3.00;2.50;1.50;4.00;7.50;6.00;5.00;3.50;4.00;0.70;3.00;10.00;2.00;2.00;1.00;5.00;4.00;3.50;6.00;1.50;6.00;2.00;6.00;2.00;;;;;;;;;;;;;;;;;;;;;;;;;;;;;;;;;;;;;;;;;;;;;;;;;;;;;;;;;;;;;;;;;;;;;;;;;;;;;;
2020-02-27;0.70;4.00;5.00;3.00;1.50;2.00;7.00;2.50;7.00;0.50;1.00;1.20;0.50;0.50;5.00;4.00;1.00;15.00;0.70;8.00;1.00;1.50;1.00;2.00;3.00;0.70;0.70;5.00;6.00;3.50;8.00;6.00;0.70;0.70;9.00;5.00;3.00;2.00;0.70;5.00;7.00;0.50;0.50;8.00;3.50;3.00;2.50;1.50;4.00;7.50;6.00;5.00;3.50;4.00;0.70;3.00;10.00;2.00;2.00;1.00;5.00;4.00;3.50;6.00;1.50;6.00;2.00;6.00;2.00;;;;;;;;;;;;;;;;;;;;;;;;;;;;;;;;;;;;;;;;;;;;;;;;;;;;;;;;;;;;;;;;;;;;;;;;;;;;;;
2020-02-24;0.70;4.00;4.00;3.00;1.50;2.00;6.00;2.50;7.00;0.50;1.00;1.20;0.50;0.50;6.00;5.00;1.00;15.00;0.70;8.00;1.00;1.50;1.00;2.00;4.00;0.70;0.50;4.00;6.00;3.50;8.00;6.00;0.70;0.70;7.00;5.00;3.00;2.00;0.70;5.00;7.00;0.50;0.50;8.00;3.50;3.00;2.50;1.50;3.00;7.50;6.00;5.00;3.50;4.00;0.70;2.50;10.00;2.00;2.00;1.00;5.00;4.00;3.50;6.00;1.50;6.00;6.00;2.00;;;;;;;;;;;;;;;;;;;;;;;;;;;;;;;;;;;;;;;;;;;;;;;;;;;;;;;;;;;;;;;;;;;;;;;;;;;;;;;
2020-02-20;0.70;4.00;4.00;3.00;1.50;2.00;6.00;2.50;7.00;0.50;1.00;1.20;0.50;0.50;6.00;5.00;1.00;15.00;0.70;8.00;1.00;1.50;1.00;2.00;4.00;0.70;0.70;4.00;6.00;3.50;8.00;6.00;0.70;0.70;7.00;4.00;3.00;2.00;0.70;5.00;7.00;0.50;0.50;8.00;2.00;3.00;2.00;1.50;3.00;7.50;6.00;5.00;3.00;4.00;0.70;2.50;10.00;2.00;2.00;1.00;5.00;4.00;3.50;6.00;1.50;6.00;2.00;6.00;2.00;;;;;;;;;;;;;;;;;;;;;;;;;;;;;;;;;;;;;;;;;;;;;;;;;;;;;;;;;;;;;;;;;;;;;;;;;;;;;;
2020-02-17;0.70;4.00;4.00;3.00;1.50;2.00;6.00;2.50;7.00;0.50;1.00;1.20;0.50;0.50;6.00;5.00;1.00;15.00;0.70;8.00;1.00;1.50;1.00;2.00;4.00;0.70;0.70;4.00;6.00;3.50;8.00;6.00;0.70;0.70;7.00;4.00;3.00;2.00;0.70;5.00;7.00;0.50;0.50;8.00;2.00;3.00;2.00;4.00;1.50;3.00;7.50;6.00;5.00;3.00;4.00;0.50;2.50;7.00;2.00;2.00;1.00;4.50;4.00;3.50;6.00;1.50;6.00;2.00;6.00;2.00;;;;;;;;;;;;;;;;;;;;;;;;;;;;;;;;;;;;;;;;;;;;;;;;;;;;;;;;;;;;;;;;;;;;;;;;;;;;;
2020-02-13;0.70;3.50;4.00;3.00;1.50;2.00;5.00;2.50;7.00;0.50;1.00;1.20;0.50;0.50;4.50;4.50;1.00;15.00;0.70;8.00;1.00;2.00;1.00;2.00;3.50;0.70;0.70;4.00;6.00;3.00;5.00;6.00;0.70;0.70;7.00;4.00;3.00;2.00;0.70;5.00;7.00;0.50;0.50;8.00;2.00;3.00;2.00;4.00;1.50;3.00;7.50;6.00;5.00;2.00;4.00;0.50;2.50;7.00;2.00;2.00;1.00;3.50;4.00;3.50;6.00;1.50;6.00;2.00;6.00;2.00;;;;;;;;;;;;;;;;;;;;;;;;;;;;;;;;;;;;;;;;;;;;;;;;;;;;;;;;;;;;;;;;;;;;;;;;;;;;;
2020-02-10;0.70;3.50;4.00;3.00;1.50;2.00;4.00;2.50;7.00;0.50;0.80;1.20;0.50;0.50;4.50;4.00;1.00;15.00;0.70;8.00;1.00;2.00;1.50;2.00;3.50;0.70;0.70;3.00;6.00;3.00;5.00;5.50;0.70;0.70;7.00;4.00;3.50;2.50;0.70;5.00;7.00;0.50;0.50;8.00;2.00;3.00;2.00;4.00;1.00;3.00;7.50;6.00;4.00;2.00;4.00;0.50;2.50;8.00;2.00;2.00;1.00;3.50;3.00;3.50;4.50;1.50;6.00;2.00;4.00;2.00;;;;;;;;;;;;;;;;;;;;;;;;;;;;;;;;;;;;;;;;;;;;;;;;;;;;;;;;;;;;;;;;;;;;;;;;;;;;;
2020-02-06;0.70;3.50;4.00;2.00;1.50;2.00;4.00;2.50;7.00;0.50;0.80;1.20;0.50;0.50;4.50;3.50;1.00;15.00;0.70;8.00;1.00;2.00;1.50;2.00;3.50;0.70;0.70;3.00;4.00;2.50;5.00;4.50;0.70;0.70;7.00;3.00;4.00;2.50;0.70;5.00;7.00;0.50;0.50;8.00;5.00;2.00;1.50;2.00;4.00;1.00;3.00;7.50;6.00;4.00;2.00;4.00;0.50;2.00;7.00;2.00;2.00;1.00;3.50;3.00;3.50;4.50;1.50;6.00;3.00;2.00;4.00;2.00;;;;;;;;;;;;;;;;;;;;;;;;;;;;;;;;;;;;;;;;;;;;;;;;;;;;;;;;;;;;;;;;;;;;;;;;;;;
2020-02-03;0.70;3.50;4.00;2.00;1.50;2.00;4.00;2.50;7.00;0.50;0.80;1.20;0.50;0.50;4.50;3.50;1.00;15.00;0.70;8.00;1.00;2.00;1.50;2.00;3.50;0.70;0.70;3.00;4.00;2.50;5.00;4.50;0.70;0.70;7.00;3.00;4.00;2.50;0.70;5.00;7.00;0.50;0.50;8.00;5.00;2.00;1.50;2.00;4.00;1.00;3.00;7.50;6.00;4.00;2.00;4.00;0.50;2.00;7.00;2.00;2.00;1.00;3.50;3.00;3.50;4.50;1.50;6.00;3.00;2.00;4.00;2.00;;;;;;;;;;;;;;;;;;;;;;;;;;;;;;;;;;;;;;;;;;;;;;;;;;;;;;;;;;;;;;;;;;;;;;;;;;;
2020-01-30;0.70;3.50;4.00;2.00;1.50;2.00;4.00;2.50;7.00;0.50;0.80;1.20;0.50;0.50;4.50;3.50;1.00;15.00;0.70;8.00;1.00;2.00;1.50;2.00;3.50;0.70;0.70;3.00;4.00;2.50;5.00;4.50;0.70;0.70;7.00;3.00;4.00;2.50;0.70;5.00;7.00;0.50;0.50;8.00;5.00;2.00;1.50;2.00;4.00;1.00;3.00;7.50;6.00;4.00;2.00;4.00;0.50;2.00;7.00;2.00;2.00;1.00;3.50;3.00;3.50;4.50;1.50;6.00;3.00;2.00;4.00;2.00;;;;;;;;;;;;;;;;;;;;;;;;;;;;;;;;;;;;;;;;;;;;;;;;;;;;;;;;;;;;;;;;;;;;;;;;;;;
2020-01-27;0.70;3.00;4.00;2.00;1.20;2.00;4.00;2.50;7.00;0.50;0.80;1.20;0.50;0.50;4.50;3.50;1.00;15.00;0.70;5.00;0.70;1.50;1.50;2.00;3.00;0.70;0.50;3.00;4.00;2.50;5.00;4.50;0.70;0.70;7.00;3.00;4.00;2.50;0.70;5.00;7.00;0.50;0.50;8.00;5.00;2.00;1.50;2.00;4.00;1.00;3.00;7.50;5.00;4.00;2.00;4.00;0.50;2.00;5.00;1.50;2.00;1.00;3.50;3.00;3.50;4.50;1.50;6.00;3.00;2.00;4.00;2.00;;;;;;;;;;;;;;;;;;;;;;;;;;;;;;;;;;;;;;;;;;;;;;;;;;;;;;;;;;;;;;;;;;;;;;;;;;;
2020-01-23;0.70;3.00;4.00;2.00;1.20;2.00;4.00;2.50;5.00;0.50;0.80;1.20;0.50;0.50;4.50;3.50;1.00;15.00;0.70;5.00;0.70;1.50;1.00;2.00;3.50;0.70;0.50;3.00;4.00;2.50;5.00;4.50;0.70;0.70;7.00;3.00;4.00;2.50;0.70;5.00;7.00;0.50;0.50;8.00;5.00;2.00;1.50;2.00;4.00;1.00;3.00;7.50;5.00;4.00;2.00;4.00;0.50;2.00;5.00;1.50;2.00;1.00;3.50;3.00;3.50;4.50;1.50;6.00;3.00;2.00;4.00;2.00;;;;;;;;;;;;;;;;;;;;;;;;;;;;;;;;;;;;;;;;;;;;;;;;;;;;;;;;;;;;;;;;;;;;;;;;;;;
2020-01-20;0.70;3.50;4.00;2.00;1.20;2.00;4.00;2.50;5.00;0.50;0.80;1.20;0.50;0.50;4.50;3.50;1.00;15.00;0.70;5.00;0.70;1.00;1.00;2.00;4.00;0.70;0.50;3.00;4.00;2.50;5.00;4.50;0.70;0.70;7.00;4.00;4.00;2.50;0.70;5.00;7.00;0.50;0.50;8.00;5.00;2.00;1.50;2.00;4.00;1.00;3.00;7.00;5.00;4.00;2.00;4.00;0.50;2.00;5.00;1.50;2.00;1.00;3.50;3.00;3.50;4.50;1.50;6.00;3.00;2.00;3.00;2.00;;;;;;;;;;;;;;;;;;;;;;;;;;;;;;;;;;;;;;;;;;;;;;;;;;;;;;;;;;;;;;;;;;;;;;;;;;;
2020-01-16;0.70;3.50;4.00;2.00;1.20;1.50;4.00;2.50;4.00;0.50;0.80;1.20;0.50;0.50;4.50;3.50;1.00;15.00;0.70;5.00;0.70;1.00;1.00;2.00;4.00;0.70;2.50;4.00;2.50;5.00;4.50;0.70;0.70;7.00;5.00;4.00;2.50;0.70;5.00;7.00;0.50;0.50;8.00;4.00;2.00;1.50;2.00;3.50;1.00;3.00;7.50;4.50;4.00;2.00;4.00;0.50;2.00;5.00;1.50;2.00;1.00;3.50;3.50;4.50;1.50;6.00;3.00;2.00;3.00;2.00;;;;;;;;;;;;;;;;;;;;;;;;;;;;;;;;;;;;;;;;;;;;;;;;;;;;;;;;;;;;;;;;;;;;;;;;;;;;;
2020-01-13;0.70;2.00;4.00;1.20;1.20;1.50;4.00;2.00;4.00;0.50;0.80;1.20;0.50;0.50;3.50;2.50;1.00;15.00;0.70;5.00;0.70;1.00;1.00;2.00;3.50;0.70;0.50;2.50;4.00;2.50;5.00;4.50;0.70;0.70;7.00;4.00;4.00;2.50;0.70;4.00;7.00;0.50;0.50;8.00;4.00;2.00;1.50;2.00;2.00;1.00;3.00;7.50;4.50;4.00;1.50;4.00;0.50;2.00;5.00;1.50;2.00;1.00;3.50;3.50;4.50;1.50;6.00;3.00;2.00;2.50;2.00;;;;;;;;;;;;;;;;;;;;;;;;;;;;;;;;;;;;;;;;;;;;;;;;;;;;;;;;;;;;;;;;;;;;;;;;;;;;
2020-01-09;0.70;2.00;4.00;1.20;1.20;1.50;4.00;2.00;4.00;0.50;0.80;1.20;0.50;0.50;3.50;2.50;1.00;15.00;0.70;5.00;0.70;1.00;1.00;2.00;3.50;0.70;0.50;2.50;4.00;2.50;5.00;4.50;0.70;0.70;7.00;4.00;4.00;2.50;0.70;4.00;7.00;0.50;0.50;8.00;4.00;2.00;1.50;2.00;2.00;1.00;3.00;7.50;4.50;4.00;1.50;4.00;0.50;2.00;5.00;1.50;2.00;1.00;3.50;3.50;4.50;1.50;6.00;3.00;2.00;2.50;2.00;;;;;;;;;;;;;;;;;;;;;;;;;;;;;;;;;;;;;;;;;;;;;;;;;;;;;;;;;;;;;;;;;;;;;;;;;;;;
2020-01-06;0.70;1.50;4.00;1.20;1.20;1.20;3.50;2.00;4.00;0.50;0.80;1.20;0.50;0.50;3.00;2.50;1.00;15.00;0.70;5.00;0.70;1.00;1.00;2.00;2.00;0.70;0.50;2.50;3.00;2.50;5.00;4.50;0.70;0.70;5.50;3.00;4.00;2.00;0.70;3.00;7.00;0.50;0.50;8.00;4.00;2.00;1.50;2.00;2.00;1.00;3.00;7.50;4.50;2.00;1.50;4.00;0.50;2.00;5.00;1.50;2.00;1.00;3.50;3.50;4.50;1.50;6.00;3.00;2.00;2.50;2.00;;;;;;;;;;;;;;;;;;;;;;;;;;;;;;;;;;;;;;;;;;;;;;;;;;;;;;;;;;;;;;;;;;;;;;;;;;;;
2020-01-02;0.50;1.00;4.00;1.20;1.20;1.20;2.50;2.00;4.00;0.50;0.80;1.20;0.50;0.50;2.00;2.00;1.00;15.00;0.70;5.00;0.70;1.00;1.00;2.00;2.00;0.60;0.50;2.00;3.00;1.50;5.00;3.50;0.50;0.50;4.50;2.00;4.00;2.00;0.50;2.50;7.00;0.50;0.50;8.00;4.00;2.00;1.50;2.00;2.00;1.00;3.00;7.50;4.50;2.00;1.50;4.00;0.50;2.00;5.00;1.50;2.00;1.00;3.00;3.50;4.50;1.50;6.00;3.00;2.00;2.50;2.00;;;;;;;;;;;;;;;;;;;;;;;;;;;;;;;;;;;;;;;;;;;;;;;;;;;;;;;;;;;;;;;;;;;;;;;;;;;;
2019-12-30;0.50;1.00;4.00;1.20;1.20;1.20;2.50;2.00;4.00;0.50;0.80;1.20;0.50;0.50;2.00;2.00;1.00;15.00;0.70;5.00;0.70;1.00;1.00;2.00;2.00;0.60;0.50;2.50;3.00;1.50;5.00;3.50;0.50;0.50;4.50;2.00;4.00;2.00;0.50;2.50;7.00;0.50;0.50;8.00;4.00;2.00;1.50;2.00;2.00;1.00;3.00;7.50;4.50;2.00;1.50;4.00;0.50;2.00;5.00;1.50;2.00;1.00;3.00;3.50;4.50;1.50;6.00;3.00;2.00;2.50;2.00;;;;;;;;;;;;;;;;;;;;;;;;;;;;;;;;;;;;;;;;;;;;;;;;;;;;;;;;;;;;;;;;;;;;;;;;;;;;
2019-12-26;0.40;1.00;3.00;1.00;1.00;1.00;2.50;2.00;4.00;0.50;0.80;1.20;0.50;0.50;2.50;2.00;1.00;15.00;0.70;5.00;0.70;1.00;1.00;2.00;2.00;0.60;0.50;2.50;3.00;1.50;5.00;3.50;0.50;0.50;3.50;1.70;3.00;2.00;0.50;1.50;7.00;0.30;0.50;8.00;4.00;2.00;1.00;2.00;2.00;1.00;3.00;7.50;4.00;2.00;1.50;4.00;0.50;2.00;5.00;1.50;2.00;1.00;3.00;3.50;4.50;1.50;6.00;3.00;2.00;2.50;2.00;;;;;;;;;;;;;;;;;;;;;;;;;;;;;;;;;;;;;;;;;;;;;;;;;;;;;;;;;;;;;;;;;;;;;;;;;;;;
2019-12-23;0.40;1.00;3.00;1.00;1.00;1.00;2.50;2.00;4.00;0.50;0.80;1.20;0.50;0.50;2.50;2.50;1.00;15.00;0.70;5.00;0.70;1.00;1.00;2.00;2.00;0.60;0.50;2.50;3.00;1.50;5.00;3.50;0.50;0.50;3.50;1.70;2.50;2.00;0.50;1.50;7.00;0.30;0.50;8.00;4.00;2.00;0.70;2.00;0.70;3.00;7.50;4.00;2.00;1.50;4.00;0.50;2.00;5.00;1.50;2.00;1.00;3.00;3.50;4.50;1.50;6.00;3.00;2.00;2.50;2.00;;;;;;;;;;;;;;;;;;;;;;;;;;;;;;;;;;;;;;;;;;;;;;;;;;;;;;;;;;;;;;;;;;;;;;;;;;;;;
2019-12-19;0.40;2.00;3.00;1.00;1.00;1.00;2.50;2.00;4.00;0.50;0.80;1.20;0.70;0.50;1.50;1.50;1.00;15.00;0.70;4.00;0.70;1.00;1.50;2.00;2.00;0.60;0.50;2.50;3.00;1.50;4.00;3.50;0.50;0.50;3.50;1.70;2.50;2.00;0.50;1.50;7.00;0.30;0.50;8.00;4.00;2.00;0.70;2.00;0.70;3.00;7.50;4.00;2.00;1.50;4.00;0.50;2.00;5.00;1.50;2.00;1.00;3.00;3.50;4.50;1.50;6.00;2.00;2.50;2.00;;;;;;;;;;;;;;;;;;;;;;;;;;;;;;;;;;;;;;;;;;;;;;;;;;;;;;;;;;;;;;;;;;;;;;;;;;;;;;
2019-12-16;0.50;2.00;3.00;1.00;0.70;1.00;2.50;2.00;4.00;0.50;0.80;1.20;0.70;0.50;1.50;1.50;0.70;15.00;0.70;2.00;0.70;1.00;2.00;2.00;2.00;0.60;0.50;2.50;3.00;1.50;4.00;3.50;0.50;0.50;3.50;1.70;2.50;2.00;0.50;1.50;7.00;0.30;0.50;8.00;4.00;2.00;0.70;2.00;0.70;3.00;7.50;4.00;2.00;1.50;4.00;0.50;2.00;5.00;1.50;2.00;1.00;3.00;3.50;4.50;1.50;6.00;2.00;2.50;2.00;;;;;;;;;;;;;;;;;;;;;;;;;;;;;;;;;;;;;;;;;;;;;;;;;;;;;;;;;;;;;;;;;;;;;;;;;;;;;;
2019-12-12;0.50;1.00;3.00;1.00;0.70;1.00;2.50;1.50;3.50;0.50;0.80;1.20;0.70;0.50;1.50;1.00;0.70;15.00;0.70;2.00;0.70;1.00;1.00;2.00;1.50;0.60;0.50;2.00;2.50;1.50;2.50;3.50;0.50;0.50;3.00;1.20;2.50;1.00;0.50;1.00;7.00;0.30;0.50;8.00;3.00;2.00;0.70;2.00;0.70;3.00;7.50;4.00;2.00;1.50;4.00;0.50;2.00;5.00;1.50;2.00;1.00;3.00;3.50;4.50;1.50;6.00;2.00;2.50;2.00;;;;;;;;;;;;;;;;;;;;;;;;;;;;;;;;;;;;;;;;;;;;;;;;;;;;;;;;;;;;;;;;;;;;;;;;;;;;;;
2019-12-09;0.50;1.00;3.00;1.00;0.70;1.00;2.00;1.50;3.50;0.50;0.80;1.00;0.70;0.50;1.50;1.50;0.50;15.00;0.70;2.00;0.70;1.00;0.70;2.00;1.00;0.60;0.50;2.50;2.00;2.00;1.50;3.50;0.50;0.50;3.00;1.20;2.50;1.00;0.50;1.00;7.00;0.30;0.50;8.00;3.00;2.00;0.70;2.00;0.70;3.00;7.50;4.00;2.00;1.50;4.00;0.50;2.00;5.00;1.50;2.00;1.00;3.00;3.50;4.50;1.50;6.00;2.00;2.50;2.00;;;;;;;;;;;;;;;;;;;;;;;;;;;;;;;;;;;;;;;;;;;;;;;;;;;;;;;;;;;;;;;;;;;;;;;;;;;;;;
2019-12-05;0.50;1.00;3.00;1.00;0.70;1.00;2.00;1.50;3.50;0.50;1.00;1.00;0.70;0.50;1.50;1.50;0.80;15.00;0.70;2.00;0.70;1.00;0.70;1.50;1.00;0.60;0.50;2.00;2.00;1.50;2.50;3.50;0.50;0.50;3.00;1.20;2.50;1.00;0.50;1.00;7.00;0.30;0.50;8.00;3.00;2.00;0.70;2.00;0.70;3.00;7.50;4.00;2.00;1.50;4.00;0.50;2.00;5.00;1.50;2.00;1.00;3.00;3.50;4.50;1.50;6.00;2.00;2.50;2.00;;;;;;;;;;;;;;;;;;;;;;;;;;;;;;;;;;;;;;;;;;;;;;;;;;;;;;;;;;;;;;;;;;;;;;;;;;;;;;
2019-12-02;0.50;1.00;2.00;1.00;0.50;0.80;1.50;1.50;2.50;0.50;1.00;1.00;0.70;0.50;1.50;1.00;0.80;15.00;0.70;2.00;0.70;1.00;0.70;1.50;1.00;0.60;0.50;1.50;2.00;1.00;1.50;2.00;0.50;0.50;3.00;0.70;2.50;1.00;0.50;1.00;7.00;0.30;0.50;8.00;1.50;1.00;0.70;2.00;0.70;3.00;7.50;4.00;2.00;1.50;4.00;0.50;2.00;5.00;1.00;1.00;1.00;3.00;3.50;3.00;1.50;6.00;1.00;1.00;2.00;;;;;;;;;;;;;;;;;;;;;;;;;;;;;;;;;;;;;;;;;;;;;;;;;;;;;;;;;;;;;;;;;;;;;;;;;;;;;;
2019-11-28;0.50;1.00;2.00;1.00;0.50;0.80;1.50;1.50;2.50;0.50;1.00;1.00;0.70;0.50;1.50;1.00;0.50;15.00;0.70;2.00;0.70;1.00;0.70;1.50;1.00;0.60;0.50;1.50;2.00;1.00;1.50;2.00;0.50;0.50;3.00;0.70;2.50;1.00;0.50;1.00;7.00;0.30;0.50;8.00;1.50;1.00;0.70;2.00;0.70;3.00;7.50;4.00;2.00;1.50;4.00;0.50;2.00;7.00;1.00;1.00;0.70;3.00;3.50;3.00;1.50;6.00;1.00;1.00;2.00;;;;;;;;;;;;;;;;;;;;;;;;;;;;;;;;;;;;;;;;;;;;;;;;;;;;;;;;;;;;;;;;;;;;;;;;;;;;;;
2019-11-25;0.50;1.00;2.00;1.00;0.50;0.80;1.50;1.50;2.50;0.50;1.00;1.00;0.70;0.50;1.50;1.00;0.50;15.00;0.70;2.00;0.70;1.00;0.70;1.50;1.00;1.00;0.50;1.50;2.00;1.00;1.50;2.00;0.50;0.50;3.00;0.70;2.50;1.00;0.50;1.00;7.00;0.30;0.50;8.00;1.50;1.00;1.00;0.70;3.00;7.50;4.00;2.00;1.50;4.00;0.50;2.00;5.00;1.00;3.00;3.50;3.00;1.50;6.00;1.00;2.00;;;;;;;;;;;;;;;;;;;;;;;;;;;;;;;;;;;;;;;;;;;;;;;;;;;;;;;;;;;;;;;;;;;;;;;;;;;;;;;;;;
2019-11-21;0.50;1.00;2.00;1.00;0.50;0.80;1.50;1.50;2.50;0.50;1.00;1.00;0.70;0.50;1.50;1.00;0.50;15.00;0.70;2.00;0.70;1.00;0.70;1.50;1.00;1.00;0.50;1.50;2.00;1.00;1.50;2.00;0.50;0.50;3.00;0.70;2.50;1.00;0.50;1.00;7.00;0.30;0.50;8.00;1.50;1.00;1.00;0.70;3.00;7.50;4.00;2.00;1.50;4.00;0.50;2.00;5.00;1.00;3.00;3.50;3.00;1.50;6.00;1.00;2.00;;;;;;;;;;;;;;;;;;;;;;;;;;;;;;;;;;;;;;;;;;;;;;;;;;;;;;;;;;;;;;;;;;;;;;;;;;;;;;;;;;
2019-11-18;0.50;1.00;2.00;1.00;0.50;0.80;1.50;1.50;2.50;0.50;1.00;1.50;0.70;0.50;1.00;1.00;0.50;15.00;0.70;2.00;0.70;1.00;0.70;1.50;1.00;1.00;0.50;1.50;2.00;1.00;1.50;2.00;0.50;0.50;3.00;0.70;2.50;1.00;0.50;1.00;7.00;0.30;0.50;8.00;1.50;1.00;1.00;1.00;3.00;7.50;4.00;2.00;1.50;4.00;0.50;2.00;5.00;1.00;3.00;3.50;3.00;6.00;1.00;2.00;;;;;;;;;;;;;;;;;;;;;;;;;;;;;;;;;;;;;;;;;;;;;;;;;;;;;;;;;;;;;;;;;;;;;;;;;;;;;;;;;;;
2019-11-14;0.50;1.00;1.00;1.00;0.50;0.80;1.00;1.50;2.00;0.50;1.00;1.00;0.70;0.50;1.00;1.00;0.50;15.00;0.70;1.50;0.70;1.00;0.60;1.50;1.00;1.00;0.50;1.00;2.00;1.00;1.50;0.50;0.50;1.50;0.50;2.50;1.00;0.50;1.00;7.00;0.30;0.50;10.00;1.50;1.00;1.00;1.00;3.00;7.50;4.00;2.00;1.50;4.00;0.50;2.00;5.00;1.00;3.00;3.50;1.50;2.00;6.00;1.00;2.00;;;;;;;;;;;;;;;;;;;;;;;;;;;;;;;;;;;;;;;;;;;;;;;;;;;;;;;;;;;;;;;;;;;;;;;;;;;;;;;;;;;
2019-11-11;0.50;1.00;1.00;1.00;0.50;0.80;1.00;1.50;2.00;0.50;1.00;1.50;0.70;0.50;1.00;1.00;0.50;15.00;0.70;1.50;0.70;1.00;0.60;1.50;1.00;1.00;0.50;1.00;2.00;1.00;2.00;2.00;0.50;0.50;1.50;0.50;2.50;1.00;0.50;1.00;7.00;0.30;0.50;10.00;1.50;1.00;1.00;1.00;4.00;7.50;4.00;2.00;1.50;4.00;0.70;2.00;5.00;1.00;3.00;3.50;1.50;6.00;1.00;0.00;;;;;;;;;;;;;;;;;;;;;;;;;;;;;;;;;;;;;;;;;;;;;;;;;;;;;;;;;;;;;;;;;;;;;;;;;;;;;;;;;;;
2019-11-07;0.50;1.00;1.00;1.00;0.50;0.80;1.00;1.50;2.00;0.50;1.00;1.50;0.70;0.50;1.00;1.00;0.50;15.00;0.70;1.50;0.70;1.00;0.60;1.50;1.00;1.00;0.50;1.00;1.50;1.00;3.00;2.00;0.50;0.50;1.50;0.50;2.50;0.70;0.50;1.00;7.00;0.30;1.50;0.50;10.00;1.50;1.00;1.00;1.00;4.00;7.50;4.00;2.00;1.50;4.00;1.00;2.00;5.00;1.00;3.00;1.50;6.00;0.70;0.00;;;;;;;;;;;;;;;;;;;;;;;;;;;;;;;;;;;;;;;;;;;;;;;;;;;;;;;;;;;;;;;;;;;;;;;;;;;;;;;;;;;
2019-11-04;0.50;1.00;1.00;1.00;0.50;0.80;1.00;1.50;2.00;0.50;1.00;1.50;0.70;0.50;1.50;1.00;0.50;15.00;0.70;1.50;0.70;1.00;0.60;1.50;1.00;1.00;0.50;1.00;1.50;1.00;3.00;0.50;0.50;1.50;0.50;2.50;0.50;0.50;1.00;7.00;0.30;1.50;0.50;10.00;1.50;1.00;1.00;1.50;4.00;7.50;4.00;2.00;1.50;4.00;1.00;2.00;5.00;1.00;3.00;0.30;1.50;6.00;0.70;0.00;;;;;;;;;;;;;;;;;;;;;;;;;;;;;;;;;;;;;;;;;;;;;;;;;;;;;;;;;;;;;;;;;;;;;;;;;;;;;;;;;;;
2019-10-31;0.30;2.00;0.50;1.00;1.00;1.00;0.80;1.00;1.50;0.50;1.00;1.00;1.00;1.00;0.50;0.80;1.00;3.00;2.00;0.50;1.00;1.50;5.00;0.70;0.50;1.50;1.00;0.50;15.00;0.70;1.50;0.70;1.00;1.00;2.50;1.00;1.00;0.50;1.00;1.50;1.00;3.00;2.00;0.50;0.50;1.50;0.50;2.50;0.50;0.50;1.00;7.00;0.30;1.50;5.00;0.50;6.00;13.00;1.50;1.00;1.00;1.50;4.00;8.00;4.00;2.00;1.50;4.00;1.00;2.00;5.00;1.00;3.00;0.30;1.50;6.00;0.70;0.00;;;;;;;;;;;;;;;;;;;;;;;;;;;;;;;;;;;;;;;;;;;;;;;;;;;;;;;;;;;;;;;;;;;;;
2019-10-28;0.30;2.00;0.50;1.00;1.00;1.00;0.80;1.00;1.50;0.50;1.00;1.00;1.00;1.00;0.50;0.80;1.00;3.00;2.00;0.50;1.00;1.50;5.00;0.70;0.50;1.50;1.00;0.50;15.00;0.70;1.00;1.50;0.70;1.00;1.00;2.50;1.00;1.00;0.50;1.00;1.50;1.00;3.00;2.00;0.50;0.50;1.50;0.50;2.50;0.50;0.50;1.00;7.00;0.30;1.50;5.00;0.50;6.00;13.00;1.50;1.50;1.00;1.50;4.00;8.00;4.00;2.00;1.50;4.00;1.00;2.00;5.00;1.00;3.00;0.30;1.50;6.00;0.70;0.00;;;;;;;;;;;;;;;;;;;;;;;;;;;;;;;;;;;;;;;;;;;;;;;;;;;;;;;;;;;;;;;;;;;;
2019-10-24;0.30;2.00;0.50;1.00;1.00;1.00;0.80;1.00;1.50;0.50;1.00;1.00;1.00;1.00;0.50;0.80;1.00;3.00;2.00;0.50;1.00;1.50;5.00;0.70;0.50;1.50;1.00;0.50;15.00;0.70;1.00;1.50;0.70;1.00;1.00;2.50;1.00;1.00;0.50;5.00;1.00;1.50;1.00;3.00;2.00;0.50;0.50;1.50;0.50;2.50;0.50;0.50;1.00;7.00;0.30;1.50;0.50;6.00;13.00;1.50;1.50;1.00;1.50;4.00;8.00;4.00;1.50;4.00;1.00;2.00;5.00;2.00;1.00;3.00;0.30;1.50;6.00;0.70;0.00;;;;;;;;;;;;;;;;;;;;;;;;;;;;;;;;;;;;;;;;;;;;;;;;;;;;;;;;;;;;;;;;;;;;
2019-10-21;0.30;2.00;0.50;1.50;1.00;1.00;0.80;1.00;1.00;0.50;1.50;1.00;1.00;1.00;0.50;0.80;1.00;3.00;2.00;0.50;1.00;1.50;5.00;0.70;0.50;1.50;1.00;0.50;15.00;0.50;1.00;1.50;0.50;1.50;1.00;1.50;1.00;1.00;0.50;1.00;1.50;1.00;3.50;1.50;0.50;0.50;1.50;0.50;2.50;0.50;0.50;1.00;7.00;0.30;1.50;5.00;0.50;6.00;1.50;1.50;1.00;1.50;4.00;8.00;4.00;1.50;4.00;1.00;2.00;5.00;1.00;3.00;0.30;3.00;1.50;2.50;6.00;0.70;0.00;;;;;;;;;;;;;;;;;;;;;;;;;;;;;;;;;;;;;;;;;;;;;;;;;;;;;;;;;;;;;;;;;;;;
2019-10-17;0.30;2.00;0.50;1.50;1.00;1.00;0.80;1.00;1.00;0.50;1.50;1.00;1.00;1.00;0.50;0.80;1.00;3.00;2.00;0.50;1.00;1.50;5.00;0.70;0.50;1.50;1.00;0.50;15.00;0.50;1.00;1.50;0.50;1.50;1.00;1.50;1.00;1.00;0.50;1.00;1.50;1.00;3.50;1.50;0.50;0.50;1.50;0.50;2.50;0.50;0.50;1.00;7.00;0.30;1.50;5.00;0.50;6.00;1.50;1.00;1.50;4.00;8.00;5.50;2.00;1.50;4.00;1.00;2.00;5.00;1.00;3.00;0.30;3.00;1.50;2.50;6.00;0.70;0.00;;;;;;;;;;;;;;;;;;;;;;;;;;;;;;;;;;;;;;;;;;;;;;;;;;;;;;;;;;;;;;;;;;;;
2019-10-14;0.30;2.00;0.50;1.50;1.00;0.80;1.00;1.00;0.50;1.50;1.00;1.00;1.00;0.50;0.80;1.00;3.00;2.00;1.50;0.50;1.00;1.50;5.00;0.70;0.50;1.50;1.00;0.50;15.00;0.50;1.00;1.50;0.50;1.50;1.00;1.50;1.00;1.00;0.50;1.00;1.50;1.00;3.50;1.50;0.50;0.50;0.50;2.50;0.50;0.50;0.50;1.00;7.00;0.30;1.50;5.00;0.50;6.00;1.50;1.50;1.00;1.50;4.00;8.00;5.50;2.00;1.50;4.00;1.00;2.00;5.00;1.00;3.00;0.30;3.00;1.50;2.50;6.00;0.70;0.00;;;;;;;;;;;;;;;;;;;;;;;;;;;;;;;;;;;;;;;;;;;;;;;;;;;;;;;;;;;;;;;;;;;
2019-10-10;0.30;2.00;0.50;1.50;1.00;0.80;1.00;1.00;0.50;1.50;1.00;0.70;1.50;1.00;0.50;0.80;1.50;3.00;2.00;0.50;1.00;1.50;5.00;0.70;0.50;1.50;1.00;0.50;15.00;0.50;1.00;1.50;0.50;1.50;1.50;1.50;1.00;1.00;0.50;1.50;2.00;2.00;3.50;1.50;0.50;0.50;3.50;0.50;2.50;0.50;0.50;0.50;1.00;7.00;0.30;1.50;5.00;0.50;6.00;1.50;1.50;1.00;1.50;4.00;8.00;5.50;2.00;1.50;4.00;1.00;2.00;5.00;1.00;3.00;0.30;3.00;1.50;2.50;6.00;0.70;0.00;;;;;;;;;;;;;;;;;;;;;;;;;;;;;;;;;;;;;;;;;;;;;;;;;;;;;;;;;;;;;;;;;;
2019-10-07;0.30;2.00;0.50;1.50;1.00;1.00;0.80;1.00;1.00;0.50;1.50;1.00;0.70;1.50;1.00;0.50;0.80;1.50;3.00;2.00;0.50;1.00;5.00;1.00;0.50;1.50;1.00;0.50;15.00;0.50;1.00;1.50;0.50;1.50;1.50;1.50;1.00;1.00;0.50;1.50;2.00;2.00;3.50;1.50;0.50;0.50;3.50;0.50;2.50;0.50;0.50;0.50;1.00;7.00;0.30;1.50;5.00;0.50;6.00;1.50;1.50;1.00;1.50;4.00;8.00;5.50;2.00;1.50;4.00;1.00;2.00;5.00;1.00;3.00;0.30;3.00;1.50;2.50;6.00;0.70;0.00;;;;;;;;;;;;;;;;;;;;;;;;;;;;;;;;;;;;;;;;;;;;;;;;;;;;;;;;;;;;;;;;;;
2019-10-03;0.30;2.00;0.50;1.50;1.00;1.00;0.80;1.00;1.00;0.50;1.50;1.00;0.70;1.50;1.00;0.50;0.80;1.50;3.00;2.00;0.50;1.00;5.00;1.00;0.50;1.50;1.00;0.50;15.00;0.50;1.50;1.00;1.50;0.50;1.50;1.50;1.50;1.00;1.00;0.50;1.50;2.00;2.00;3.50;1.50;0.50;0.50;2.00;1.00;1.50;0.50;0.50;0.50;1.50;7.00;0.30;1.50;5.00;0.50;5.00;1.50;1.50;1.00;1.50;4.00;8.00;5.50;2.00;4.00;1.00;2.00;5.00;1.00;3.00;0.30;3.00;2.00;1.50;2.50;6.00;0.50;0.00;;;;;;;;;;;;;;;;;;;;;;;;;;;;;;;;;;;;;;;;;;;;;;;;;;;;;;;;;;;;;;;;;
2019-09-30;0.30;2.00;0.50;1.50;1.00;0.80;1.00;1.00;0.50;1.50;1.00;0.70;1.50;1.00;0.50;0.80;1.50;3.00;2.00;0.50;1.00;5.00;1.00;0.50;1.50;1.00;0.50;15.00;0.50;1.50;1.00;1.50;0.50;1.50;1.50;1.50;1.00;0.50;1.50;2.00;2.00;3.50;1.50;0.50;0.50;2.00;1.00;1.50;0.50;0.50;0.50;1.50;7.00;0.30;1.50;5.00;0.50;5.00;1.50;1.50;1.00;1.50;4.00;8.00;5.50;2.00;4.00;1.00;2.00;5.00;1.00;3.00;0.30;3.00;2.00;1.50;2.50;6.00;0.50;0.00;;;;;;;;;;;;;;;;;;;;;;;;;;;;;;;;;;;;;;;;;;;;;;;;;;;;;;;;;;;;;;;;;;;
2019-09-26;0.30;2.00;0.50;5.00;1.00;1.00;1.00;0.80;1.50;1.50;1.00;1.00;1.50;0.50;1.50;1.00;0.50;0.80;1.50;3.00;2.00;0.50;1.00;5.00;1.00;0.50;0.00;1.50;1.00;0.50;15.00;0.50;1.50;1.00;1.50;1.50;0.50;1.50;1.50;1.50;1.50;0.50;1.00;2.00;1.50;3.50;1.50;0.50;0.50;2.00;1.00;1.50;0.50;0.50;0.50;1.50;7.00;0.30;1.50;5.00;0.50;1.00;0.00;1.00;1.50;1.00;1.50;4.00;8.00;5.50;1.00;2.00;4.00;5.00;1.00;3.00;0.50;3.00;5.00;2.00;1.50;2.00;1.00;1.50;0.00;0.70;6.00;0.50;0.00;;;;;;;;;;;;;;;;;;;;;;;;;;;;;;;;;;;;;;;;;;;;;;;;;;;;;;;;;;
2019-09-23;0.30;2.00;0.50;1.50;1.00;1.00;0.80;1.00;0.50;1.50;1.00;0.70;1.50;1.00;0.80;2.00;2.00;0.50;1.00;1.00;0.50;1.50;1.50;1.00;0.50;0.50;1.50;1.00;1.50;0.50;1.50;1.50;1.50;1.00;0.50;1.00;1.50;1.00;3.50;1.50;0.50;0.50;2.00;1.00;1.50;0.50;0.50;0.50;1.50;7.00;0.30;1.00;5.00;0.50;5.00;1.50;1.00;1.50;4.00;8.00;5.50;2.00;4.00;5.00;1.00;3.00;0.00;3.00;3.00;1.50;2.50;0.50;0.00;;;;;;;;;;;;;;;;;;;;;;;;;;;;;;;;;;;;;;;;;;;;;;;;;;;;;;;;;;;;;;;;;;;;;;;;;;
2019-09-19;0.30;1.50;0.50;0.50;0.70;1.00;0.80;0.50;2.00;0.50;1.00;0.50;0.70;1.50;1.00;0.50;0.80;0.50;2.00;2.00;0.50;1.00;4.00;1.00;0.50;0.50;0.50;0.50;15.00;0.50;1.50;1.00;2.00;0.50;1.50;1.50;1.50;0.50;0.50;0.50;1.50;0.50;3.50;1.50;0.50;0.50;1.00;0.70;1.00;0.50;0.50;0.50;1.00;5.00;0.30;1.50;4.00;0.50;5.00;1.50;1.00;1.50;7.00;8.00;5.50;2.00;4.00;5.00;1.00;3.00;0.30;3.00;3.00;1.50;1.50;5.00;0.50;0.00;;;;;;;;;;;;;;;;;;;;;;;;;;;;;;;;;;;;;;;;;;;;;;;;;;;;;;;;;;;;;;;;;;;;;
2019-09-16;0.30;1.50;0.50;0.50;0.70;1.00;0.80;0.50;2.00;0.50;1.00;0.50;0.70;1.50;1.00;0.50;0.80;0.50;2.00;2.00;0.50;1.00;4.00;1.00;0.50;0.50;0.50;0.50;15.00;0.50;1.50;1.00;2.00;0.50;1.50;1.50;1.50;0.50;0.50;0.50;1.50;0.50;3.50;1.50;0.50;0.50;1.00;0.70;1.00;0.50;0.50;0.50;1.00;5.00;0.30;1.50;4.00;0.50;5.00;1.50;1.00;1.50;7.00;8.00;5.50;2.00;4.00;5.00;1.00;3.00;0.30;3.00;3.00;1.50;1.50;5.00;0.50;0.00;;;;;;;;;;;;;;;;;;;;;;;;;;;;;;;;;;;;;;;;;;;;;;;;;;;;;;;;;;;;;;;;;;;;;
2019-09-12;0.30;1.50;0.50;0.50;0.70;1.00;0.80;0.50;2.00;0.50;1.00;0.50;0.70;1.50;1.00;0.50;0.80;0.50;2.00;2.00;0.50;1.00;4.00;1.00;0.50;0.50;0.50;0.50;15.00;0.50;1.50;1.00;2.00;0.50;1.50;1.50;1.50;0.50;0.50;0.50;1.50;0.50;3.50;1.50;0.50;0.50;1.00;0.70;1.00;0.50;0.50;0.50;0.70;5.00;0.30;1.50;4.00;0.50;5.00;1.50;1.00;1.50;7.00;8.00;5.50;2.00;4.00;5.00;1.00;3.00;0.30;3.00;3.00;1.50;1.50;5.00;0.50;0.00;;;;;;;;;;;;;;;;;;;;;;;;;;;;;;;;;;;;;;;;;;;;;;;;;;;;;;;;;;;;;;;;;;;;;
2019-09-09;0.30;0.50;0.50;0.70;1.00;0.80;0.50;2.00;0.50;1.00;0.50;0.70;1.50;1.00;0.50;0.80;0.50;2.00;2.00;0.50;1.00;4.00;1.00;0.50;0.50;0.50;0.50;15.00;0.50;1.50;1.00;2.00;0.50;1.50;1.50;1.50;0.50;0.50;0.50;1.50;0.50;3.50;1.50;0.50;0.50;1.00;0.70;1.00;0.50;0.50;0.50;0.70;5.00;0.30;1.50;4.00;0.50;5.00;1.50;1.00;1.50;7.00;8.00;5.50;2.00;4.00;5.00;1.00;3.00;0.30;3.00;3.00;1.50;1.50;5.00;0.50;0.00;;;;;;;;;;;;;;;;;;;;;;;;;;;;;;;;;;;;;;;;;;;;;;;;;;;;;;;;;;;;;;;;;;;;;;
2019-09-05;0.30;1.50;0.50;0.50;0.70;1.00;0.80;0.50;2.00;0.50;1.00;0.50;0.70;1.50;1.00;0.50;0.80;0.50;2.00;2.00;0.50;1.00;4.00;1.00;0.50;0.50;0.50;0.50;15.00;0.50;1.50;1.00;2.00;0.50;1.50;1.50;1.50;0.50;0.50;0.50;1.50;0.50;3.50;1.50;0.50;0.50;1.00;0.70;1.00;0.50;0.50;0.50;0.70;5.00;0.30;1.50;4.00;0.50;5.00;0.50;1.00;1.50;7.00;8.00;5.50;2.00;4.00;5.00;1.00;3.00;0.30;3.00;3.00;1.50;1.50;5.00;0.50;;;;;;;;;;;;;;;;;;;;;;;;;;;;;;;;;;;;;;;;;;;;;;;;;;;;;;;;;;;;;;;;;;;;;;
2019-09-02;0.30;1.50;0.50;0.50;0.70;0.80;0.50;2.00;0.50;1.00;0.50;0.70;1.50;1.00;0.50;0.80;0.50;2.00;2.00;0.50;1.00;4.00;1.00;0.50;0.50;0.50;0.50;15.00;0.50;2.50;1.00;2.00;0.50;1.50;1.50;1.50;0.50;0.50;0.50;1.50;0.50;3.50;1.50;0.50;0.50;1.00;0.70;1.00;0.50;0.50;0.50;0.70;5.00;0.30;1.50;4.00;0.50;5.00;1.50;1.50;10.00;8.00;5.50;2.00;4.00;5.00;1.00;3.00;0.30;3.00;3.00;1.50;1.50;5.00;0.50;0.00;;;;;;;;;;;;;;;;;;;;;;;;;;;;;;;;;;;;;;;;;;;;;;;;;;;;;;;;;;;;;;;;;;;;;;;
2019-08-29;0.30;1.00;0.50;0.50;1.00;1.00;0.50;1.50;0.50;1.00;0.50;0.50;1.50;1.00;0.50;0.80;0.50;2.00;2.00;0.50;1.00;4.00;1.00;0.50;1.00;1.00;0.50;10.00;0.50;2.00;1.00;2.00;0.50;1.50;1.50;1.50;0.50;0.50;0.50;1.50;0.50;3.50;1.50;0.50;0.50;1.00;0.50;1.00;0.50;0.60;0.50;0.70;5.00;0.30;1.50;2.00;0.50;5.00;1.00;1.50;10.00;8.00;5.50;2.00;4.00;5.00;1.00;5.00;0.30;3.00;5.00;1.50;1.50;5.00;0.50;0.00;;;;;;;;;;;;;;;;;;;;;;;;;;;;;;;;;;;;;;;;;;;;;;;;;;;;;;;;;;;;;;;;;;;;;;;
2019-08-26;0.30;4.00;1.00;0.50;0.50;1.00;1.00;1.00;0.80;0.50;1.50;0.50;1.00;0.50;0.70;1.50;1.00;0.50;0.80;0.50;2.00;2.00;0.50;1.00;4.00;1.00;0.50;1.00;1.00;0.50;10.00;0.50;2.00;1.00;2.00;0.50;1.50;1.50;1.50;0.50;0.50;0.50;1.50;0.50;3.50;1.50;0.50;0.50;1.00;0.50;1.00;0.50;0.60;0.50;0.70;5.00;0.30;1.50;2.00;0.50;5.00;1.50;3.00;1.50;10.00;8.00;5.50;2.00;4.00;5.00;1.00;5.00;0.30;3.00;5.00;1.50;1.50;5.00;0.50;0.00;;;;;;;;;;;;;;;;;;;;;;;;;;;;;;;;;;;;;;;;;;;;;;;;;;;;;;;;;;;;;;;;;;;
2019-08-22;0.30;4.00;1.00;0.50;0.50;1.00;1.00;1.00;0.80;0.50;1.00;0.50;1.00;0.50;0.70;1.50;1.00;0.50;0.80;0.50;2.00;2.00;0.50;1.00;4.00;1.00;0.50;1.00;1.00;0.50;10.00;0.50;1.50;1.00;1.00;0.50;1.50;1.00;1.50;0.50;0.50;0.50;1.50;0.50;2.00;2.50;0.50;0.50;1.00;0.50;1.00;0.50;0.60;0.50;0.70;5.00;0.30;1.50;2.00;0.50;4.00;1.50;1.00;3.00;1.50;8.00;8.00;5.50;2.00;4.00;6.00;1.00;5.00;0.30;3.00;5.00;1.50;1.50;5.00;0.50;0.00;;;;;;;;;;;;;;;;;;;;;;;;;;;;;;;;;;;;;;;;;;;;;;;;;;;;;;;;;;;;;;;;;;
2019-08-19;0.30;4.00;1.00;0.50;0.50;0.50;1.00;0.80;0.50;1.00;0.50;1.00;0.50;0.70;1.50;1.00;0.50;0.80;0.50;2.00;2.00;0.50;1.00;2.00;1.00;0.50;0.50;0.50;0.50;10.00;0.50;1.50;1.00;1.00;0.50;1.50;1.00;1.50;0.50;0.50;0.50;1.50;0.50;2.00;2.50;0.50;0.50;1.00;0.50;1.00;0.50;0.60;0.50;0.70;5.00;0.30;1.50;4.00;0.50;4.00;1.50;1.00;3.00;1.50;8.00;8.00;5.50;2.00;4.00;6.00;1.00;5.00;0.30;3.00;5.00;1.50;1.50;5.00;0.50;0.00;;;;;;;;;;;;;;;;;;;;;;;;;;;;;;;;;;;;;;;;;;;;;;;;;;;;;;;;;;;;;;;;;;;
2019-08-15;0.30;4.00;1.00;0.50;1.00;0.50;1.00;1.00;0.80;0.50;1.00;1.00;1.50;0.50;0.70;3.00;1.00;0.50;0.80;1.00;2.00;2.00;0.50;1.00;2.00;1.00;0.50;0.50;0.50;1.00;10.00;0.50;1.00;1.00;0.50;1.50;1.00;3.00;0.50;0.50;1.00;1.50;1.00;2.00;2.50;0.50;0.50;1.00;0.50;1.50;1.00;0.80;0.50;0.70;5.00;0.30;1.50;4.00;0.50;4.00;3.00;1.50;8.00;8.00;4.50;2.00;4.00;6.00;1.00;5.00;0.30;2.00;3.50;1.50;1.50;5.00;0.50;0.00;;;;;;;;;;;;;;;;;;;;;;;;;;;;;;;;;;;;;;;;;;;;;;;;;;;;;;;;;;;;;;;;;;;;;
2019-08-08;0.30;4.00;1.00;0.50;1.00;0.50;1.00;1.00;0.80;0.50;1.00;1.00;1.50;0.50;0.50;3.00;1.00;0.50;0.80;1.00;2.00;2.00;0.50;1.00;2.00;1.00;0.50;0.50;0.50;1.00;10.00;0.50;1.00;1.00;0.50;1.50;1.00;3.00;0.50;0.30;1.00;1.50;1.00;2.00;2.50;0.50;0.50;1.00;0.50;1.50;1.00;0.80;0.50;0.70;5.00;0.30;1.50;4.00;0.50;4.00;3.00;1.50;8.00;8.00;4.50;2.00;4.00;6.00;1.00;5.00;0.30;2.00;3.50;1.50;1.30;5.00;0.50;0.00;;;;;;;;;;;;;;;;;;;;;;;;;;;;;;;;;;;;;;;;;;;;;;;;;;;;;;;;;;;;;;;;;;;;;
2019-08-05;0.30;3.00;1.50;0.50;5.00;1.00;0.50;1.00;1.00;0.80;0.50;2.00;1.00;1.50;0.50;0.70;3.50;1.00;0.50;0.80;1.00;2.00;2.00;0.50;1.00;2.00;1.00;0.50;0.50;0.50;1.00;10.00;0.80;1.00;2.50;0.50;1.50;1.00;3.00;0.50;0.30;1.00;1.50;1.00;2.00;2.50;0.50;0.50;1.50;0.50;1.50;1.00;1.00;0.50;0.70;5.00;0.30;1.50;4.00;0.50;4.00;3.00;1.50;10.00;8.00;4.50;2.00;4.00;7.00;1.00;5.00;0.30;2.00;3.50;1.50;2.00;5.00;3.00;1.00;0.50;0.00;;;;;;;;;;;;;;;;;;;;;;;;;;;;;;;;;;;;;;;;;;;;;;;;;;;;;;;;;;;;;;;;;;
2019-08-01;0.30;3.00;1.50;0.50;5.00;1.00;0.50;1.00;1.00;0.80;0.50;2.00;1.00;1.50;0.50;0.70;3.50;1.00;0.50;0.80;1.00;2.00;2.00;0.50;1.00;3.00;1.00;0.50;0.50;0.50;1.00;7.00;0.80;10.00;1.00;2.50;0.50;2.00;1.00;4.00;0.50;0.30;1.00;1.50;1.00;2.00;2.50;0.50;0.50;1.50;0.50;1.50;1.00;1.20;0.50;0.70;5.00;0.30;1.50;4.00;0.50;4.00;3.00;1.50;7.00;8.00;4.50;2.00;4.00;5.00;1.00;5.00;0.30;2.00;3.50;1.50;2.00;5.00;3.00;1.00;0.50;0.00;;;;;;;;;;;;;;;;;;;;;;;;;;;;;;;;;;;;;;;;;;;;;;;;;;;;;;;;;;;;;;;;;
2019-07-29;0.30;3.00;1.50;0.50;2.50;1.50;0.50;1.00;1.00;0.80;0.50;;;;;;;;;;;;;;;;;;;;;;;;;;;;;;;;;;;;;;;;;;;;;;;;;;;;;;;;;;;;;;;;;;;;;;;;;;;;;;;;;;;;;;;;;;;;;;;;;;;;;;;;;;;;;;;;;;;;;;;;;;;;;;;;;;;;;;;;
;;;;;;;;;;;;;;;;;;;;;;;;;;;;;;;;;;;;;;;;;;;;;;;;;;;;;;;;;;;;;;;;;;;;;;;;;;;;;;;;;;;;;;;;;;;;;;;;;;;;;;;;;;;;;;;;;;;;;;;;;;;;;;;;;;;;;;;;;;;;;;;;;;;
