|||Sütunlar|||||
Satırlar||||||||
||||||||
|||Meyveler, İçecek Ve Baharat Bitkileri Alanı - Dekar|Nadas Alanı - Dekar|Sebze Alanı - Dekar|Süs Bitkileri Alanı - Dekar|Tahıllar Ve Diğer Bitkisel Ürünlerin Alanı - Dekar|
Tarım Alanı|Adana-1|2004|443400.0|102500.0|287740.0|0.0|5126320.0|
||2005|452390.0|63220.0|271890.0|0.0|5156130.0|
||2006|482610.0|36260.0|299613.0|0.0|4803462.0|
||2007|508607.0|51350.0|284929.0|0.0|4697768.0|
||2008|535425.0|78383.0|320589.0|0.0|4619870.0|
||2009|541264.0|76159.0|328378.0|0.0|4663473.0|
||2010|582614.0|75954.0|319428.0|0.0|4528357.0|
||2011|605037.0|78241.0|311605.0|435.1|3967661.0|
||2012|623479.0|88319.0|311510.0|321.0|3784339.0|
||2013|661085.0|82545.0|300491.0|143.6|3707347.0|
||2014|675066.0|83843.0|282034.0|143.6|3940955.0|
||2015|672551.0|92600.0|285057.0|405.0|3836537.0|
||2016|683976.0|89352.0|309269.0|515.0|3831221.0|
||2017|711126.0|91480.0|308875.0|1485.0|3868467.0|
||2018|742080.0|90263.0|346194.0|1500.0|3675938.0|
||2019|785261.0|87710.0|335445.0|1499.0|3557337.0|
||2020|844349.0|90539.0|329783.0|1390.0|3556299.0|
||2021|900310.0|78930.0|313213.0|1270.0|3576151.0|
|Adıyaman-2|2004|383100.0|5500.0|45370.0|0.0|2419460.0|
||2005|386990.0|0.0|44850.0|0.0|2444510.0|
||2006|397481.0|3500.0|44627.0|0.0|2329673.0|
||2007|375052.0|3000.0|38348.0|0.0|2367353.0|
||2008|376784.0|3000.0|41837.0|0.0|2347383.0|
||2009|382631.0|3000.0|44962.0|0.0|2158606.0|
||2010|385710.0|5590.0|45252.0|0.0|2026840.0|
||2011|388417.0|9330.0|52596.0|13.0|1948955.0|
||2012|394358.0|15200.0|55718.0|7.5|1876370.0|
||2013|414886.0|12460.0|61327.0|1.0|1919531.0|
||2014|425509.0|10249.0|59231.0|2.0|1908234.0|
||2015|444639.0|12021.0|57236.0|0.0|1884495.0|
||2016|491742.0|6212.0|58968.0|0.0|1851472.0|
||2017|503477.0|8560.0|56676.0|0.0|1778972.0|
||2018|519923.0|6453.0|46105.0|0.0|1770925.0|
||2019|537693.0|6457.0|55801.0|0.0|1706542.0|
||2020|541286.0|14414.0|58688.0|0.0|1760001.0|
||2021|570896.0|14882.0|49608.0|0.0|1609168.0|
|Afyonkarahisar-3|2004|139160.0|1238950.0|75480.0|0.0|4353240.0|
||2005|150310.0|1077810.0|72400.0|0.0|4210850.0|
||2006|154566.0|978550.0|76049.0|0.0|4268774.0|
||2007|157648.0|978370.0|79481.0|0.0|4171253.0|
||2008|160040.0|1108967.0|80856.0|0.0|3889990.0|
||2009|162527.0|437221.0|79989.0|0.0|3652890.0|
||2010|167893.0|692592.0|78309.0|0.0|3954919.0|
||2011|178822.0|665566.0|79869.0|4.0|3808721.0|
||2012|180832.0|735159.0|74929.0|6.1|3664784.0|
||2013|184478.0|789796.0|75278.0|7.0|3656634.0|
||2014|170899.0|747897.0|71074.0|7.0|3654649.0|
||2015|172533.0|858162.0|69929.0|6.1|3693702.0|
||2016|176581.0|851058.0|69379.0|6.1|3640445.0|
||2017|168991.0|847449.0|74109.0|6.1|3492048.0|
||2018|183437.0|805499.0|76868.0|1.1|3598777.0|
||2019|190040.0|772883.0|81594.0|1.1|3683144.0|
||2020|186930.0|755531.0|75202.0|1.1|3723343.0|
||2021|177773.0|827171.0|79984.0|0.0|3925204.0|
|Ağrı-4|2004|480.0|1152170.0|9340.0|0.0|2379310.0|
||2005|530.0|1115010.0|11060.0|0.0|2410650.0|
||2006|530.0|1235778.0|11196.0|0.0|2355572.0|
||2007|364.0|1617923.0|4191.0|0.0|2386823.0|
||2008|449.0|815594.0|5400.0|0.0|2499615.0|
||2009|459.0|958669.0|5965.0|0.0|2480776.0|
||2010|754.0|1003629.0|9125.0|0.0|2477856.0|
||2011|771.0|1118550.0|7985.0|0.0|2408680.0|
||2012|1218.0|1217951.0|8208.0|0.0|2462083.0|
||2013|943.0|1092602.0|7983.0|0.0|2489968.0|
||2014|741.0|1192274.0|11584.0|0.0|2500402.0|
||2015|738.0|1188112.0|10647.0|0.0|2445726.0|
||2016|743.0|1200476.0|6844.0|0.0|2397950.0|
||2017|651.0|1187657.0|5482.0|0.0|2350382.0|
||2018|1555.0|1211940.0|5196.0|0.0|2318496.0|
||2019|2014.0|1179019.0|5164.0|0.0|2337691.0|
||2020|3031.0|1137875.0|6321.0|0.0|2384831.0|
||2021|3031.0|1041756.0|6679.0|0.0|2483976.0|
|Aksaray-68|2004|108100.0|1189500.0|81670.0|0.0|2727000.0|
||2005|176330.0|1189090.0|84310.0|0.0|2694040.0|
||2006|221462.0|1244354.0|105149.0|0.0|2768730.0|
||2007|69642.0|1295000.0|78862.0|0.0|2816631.0|
||2008|60102.0|1254313.0|92271.0|0.0|2554037.0|
||2009|58771.0|1252720.0|93261.0|0.0|2653916.0|
||2010|63220.0|1397476.0|93789.0|0.0|2572041.0|
||2011|61583.0|1216086.0|91272.0|0.0|2527097.0|
||2012|50725.0|1220636.0|98335.0|0.0|2382962.0|
||2013|46174.0|1361607.0|92927.0|0.0|2349806.0|
||2014|42608.0|1520741.0|98807.0|0.0|2497108.0|
||2015|39387.0|1401806.0|106311.0|0.0|2604829.0|
||2016|39770.0|1405361.0|107964.0|0.0|2560099.0|
||2017|38412.0|1257003.0|106925.0|0.0|2581571.0|
||2018|39691.0|1164578.0|112708.0|0.0|2583988.0|
||2019|38675.0|1164325.0|104363.0|0.0|2570151.0|
||2020|39018.0|1041292.0|109945.0|0.0|2608564.0|
||2021|40012.0|830500.0|112818.0|0.0|2861918.0|
|Amasya-5|2004|40530.0|201700.0|192660.0|0.0|1859030.0|
||2005|40650.0|185750.0|158070.0|0.0|1920510.0|
||2006|41935.0|166851.0|151335.0|0.0|1884604.0|
||2007|44945.0|169817.0|159586.0|0.0|1812079.0|
||2008|47050.0|177204.0|168680.0|0.0|1805596.0|
||2009|48235.0|163338.0|148127.0|0.0|1799725.0|
||2010|51037.0|158743.0|156206.0|0.0|1804413.0|
||2011|54134.0|133832.0|168017.0|0.0|1832072.0|
||2012|57608.0|212160.0|166436.0|0.0|1812567.0|
||2013|62170.0|243451.0|141001.0|0.0|1781679.0|
||2014|63087.0|340089.0|124769.0|0.0|1783646.0|
||2015|63225.0|344685.0|112997.0|0.0|1801146.0|
||2016|67473.0|332559.0|110155.0|0.0|1793943.0|
||2017|73040.0|322680.0|103672.0|0.0|1796025.0|
||2018|75165.0|311591.0|100259.0|0.0|1799753.0|
||2019|74861.0|317406.0|115876.0|0.0|1798892.0|
||2020|76697.0|273755.0|123807.0|0.0|1835725.0|
||2021|79414.0|333476.0|110801.0|0.0|1895612.0|
|Ankara-6|2004|267550.0|3208010.0|456690.0|0.0|8705240.0|
||2005|241760.0|3208540.0|455410.0|0.0|8735620.0|
||2006|224339.0|3100938.0|429409.0|0.0|8495897.0|
||2007|237815.0|3238396.0|433151.0|0.0|8144010.0|
||2008|221237.0|3317061.0|438078.0|0.0|7988590.0|
||2009|265237.0|3176118.0|476573.0|0.0|7877277.0|
||2010|254875.0|3146567.0|466794.0|0.0|7686798.0|
||2011|261367.0|3188041.0|479874.0|213.5|7869769.0|
||2012|306806.0|3250485.0|463936.0|323.7|7527604.0|
||2013|322198.0|3321444.0|448267.0|327.8|7953704.0|
||2014|299799.0|3365276.0|435285.0|367.6|8113348.0|
||2015|323116.0|3268403.0|427103.0|348.6|8226090.0|
||2016|326499.0|3175394.0|426622.0|318.6|8131326.0|
||2017|289715.0|3201356.0|422974.0|312.2|7907800.0|
||2018|296544.0|3108752.0|373307.0|280.9|8125674.0|
||2019|315976.0|2936645.0|419315.0|280.9|7879730.0|
||2020|275559.0|2759891.0|419944.0|305.9|8068326.0|
||2021|249323.0|2642779.0|415975.0|343.4|8327982.0|
|Antalya-7|2004|532700.0|458670.0|419620.0|0.0|2502760.0|
||2005|541260.0|486250.0|416520.0|0.0|2423280.0|
||2006|559705.0|485982.0|415485.0|0.0|2318668.0|
||2007|562220.0|485775.0|438604.0|0.0|2240160.0|
||2008|593775.0|420855.0|471796.0|0.0|2245727.0|
||2009|618214.0|376057.0|452275.0|0.0|2119885.0|
||2010|632573.0|381919.0|451804.0|0.0|2206217.0|
||2011|654569.0|411678.0|455264.0|5153.7|2076662.0|
||2012|701535.0|422591.0|471602.0|5200.7|2080859.0|
||2013|712197.0|382196.0|469056.0|5636.9|2078252.0|
||2014|726296.0|392489.0|479866.0|5687.3|2062215.0|
||2015|739474.0|390870.0|490730.0|5509.5|2044376.0|
||2016|747868.0|543762.0|506674.0|5506.0|1846305.0|
||2017|758497.0|521596.0|510985.0|5497.5|1801839.0|
||2018|771375.0|506462.0|508418.0|5959.1|1808837.0|
||2019|797144.0|523771.0|501165.0|5943.6|1789946.0|
||2020|821731.0|516007.0|502804.0|5891.2|1802797.0|
||2021|851159.0|395080.0|493193.0|6069.5|1810922.0|
|Ardahan-75|2004|1570.0|13500.0|1990.0|0.0|424300.0|
||2005|1570.0|12500.0|1240.0|0.0|406970.0|
||2006|1650.0|12500.0|1770.0|0.0|401286.0|
||2007|1650.0|99046.0|281.0|0.0|610534.0|
||2008|1592.0|103679.0|280.0|0.0|591874.0|
||2009|722.0|102412.0|250.0|0.0|609231.0|
||2010|692.0|14427.0|99.0|0.0|383675.0|
||2011|672.0|3385.0|27.0|0.0|569081.0|
||2012|639.0|57179.0|140.0|0.0|665103.0|
||2013|687.0|45631.0|110.0|0.0|542204.0|
||2014|770.0|91481.0|120.0|0.0|237154.0|
||2015|538.0|89631.0|92.0|0.0|225414.0|
||2016|528.0|40224.0|81.0|0.0|240991.0|
||2017|592.0|89124.0|160.0|0.0|270929.0|
||2018|593.0|50333.0|111.0|0.0|338456.0|
||2019|472.0|41526.0|111.0|0.0|367013.0|
||2020|502.0|13709.0|90.0|0.0|413683.0|
||2021|831.0|1617.0|133.0|0.0|722483.0|
|Artvin-8|2004|163900.0|30620.0|14600.0|0.0|117480.0|
||2005|207250.0|31300.0|14600.0|0.0|144660.0|
||2006|237048.0|20.0|15710.0|0.0|149601.0|
||2007|237003.0|2020.0|13889.0|0.0|135641.0|
||2008|243622.0|4124.0|18958.0|0.0|149050.0|
||2009|207665.0|2124.0|12401.0|0.0|78988.0|
||2010|221824.0|4471.0|20735.0|0.0|119302.0|
||2011|215155.0|31431.0|14807.0|27.0|104390.0|
||2012|215613.0|61100.0|14667.0|0.0|96372.0|
||2013|190724.0|64579.0|10857.0|0.0|76861.0|
||2014|191096.0|54766.0|10137.0|0.0|78463.0|
||2015|190211.0|63880.0|9254.0|0.0|56315.0|
||2016|190976.0|52007.0|9450.0|0.0|55162.0|
||2017|192881.0|40000.0|9803.0|0.0|54237.0|
||2018|193665.0|45000.0|9906.0|0.0|51244.0|
||2019|196762.0|40000.0|10519.0|0.0|53185.0|
||2020|189467.0|42350.0|11489.0|0.0|50232.0|
||2021|189925.0|43630.0|11652.0|0.0|55196.0|
|Aydın-9|2004|2141950.0|26360.0|195270.0|0.0|1536810.0|
||2005|2157080.0|37060.0|181770.0|0.0|1606700.0|
||2006|2187000.0|6213.0|154847.0|0.0|1607045.0|
||2007|2150814.0|19900.0|114057.0|0.0|1555659.0|
||2008|2092579.0|19616.0|108391.0|0.0|1571694.0|
||2009|2108513.0|22642.0|117511.0|0.0|1657419.0|
||2010|2107783.0|25518.0|115893.0|0.0|1505834.0|
||2011|2125952.0|27415.0|114539.0|66.5|1258272.0|
||2012|2155207.0|35569.0|111290.0|79.1|1329674.0|
||2013|2166574.0|39293.0|115955.0|100.3|1360727.0|
||2014|2155439.0|32917.0|109073.0|88.8|1404898.0|
||2015|2156419.0|36463.0|108173.0|101.6|1380922.0|
||2016|2163581.0|33339.0|107406.0|259.1|1344690.0|
||2017|2143716.0|27737.0|106386.0|312.8|1387929.0|
||2018|2154273.0|22760.0|96999.0|312.8|1291321.0|
||2019|2158100.0|21665.0|97078.0|332.7|1248406.0|
||2020|2158636.0|22441.0|99268.0|337.8|1254407.0|
||2021|2163837.0|22737.0|81707.0|294.5|1323364.0|
|Balıkesir-10|2004|920480.0|80810.0|420030.0|0.0|3102210.0|
||2005|886570.0|33960.0|385270.0|0.0|3210200.0|
||2006|854661.0|32140.0|344490.0|0.0|3047708.0|
||2007|902354.0|28940.0|346182.0|0.0|2965713.0|
||2008|906354.0|33905.0|346605.0|0.0|2965563.0|
||2009|909988.0|39470.0|337248.0|0.0|2930679.0|
||2010|912945.0|153403.0|311825.0|0.0|2712420.0|
||2011|923176.0|139188.0|309111.0|440.9|2606593.0|
||2012|932300.0|147297.0|310062.0|427.9|3031338.8|
||2013|944358.0|147545.0|306994.0|475.8|2839943.0|
||2014|950882.0|186236.0|293686.0|492.6|2776289.0|
||2015|942383.0|191066.0|285993.0|493.6|2691293.0|
||2016|941187.0|204021.0|276883.0|495.7|2708666.0|
||2017|935935.0|194662.0|256928.0|495.7|2683242.0|
||2018|950777.0|188981.0|253475.0|530.7|2542592.0|
||2019|953852.0|191945.0|265662.0|434.7|2468355.0|
||2020|970024.0|159035.0|264562.0|461.5|2508453.0|
||2021|973554.0|180085.0|211858.0|491.5|2545419.0|
|Bartın-74|2004|42320.0|39200.0|15780.0|0.0|366110.0|
||2005|44010.0|39200.0|16910.0|0.0|423580.0|
||2006|51583.0|29195.0|17332.0|0.0|402925.0|
||2007|50841.0|27100.0|16518.0|0.0|392877.0|
||2008|51955.0|27100.0|16231.0|0.0|403953.0|
||2009|52176.0|27100.0|16319.0|0.0|403040.0|
||2010|44707.0|27100.0|16489.0|0.0|411045.0|
||2011|54523.0|27025.0|16461.0|0.0|385229.0|
||2012|54732.0|10801.0|17642.0|2.0|379643.0|
||2013|73672.0|0.0|17412.0|3.0|363757.0|
||2014|73763.0|0.0|17440.0|3.0|353979.0|
||2015|73604.0|0.0|17385.0|0.0|298078.0|
||2016|73006.0|0.0|17414.0|3.0|304766.0|
||2017|72751.0|0.0|17386.0|3.0|302119.0|
||2018|75492.0|0.0|17397.0|5.0|297010.0|
||2019|75690.0|0.0|17507.0|5.0|293933.0|
||2020|76085.0|0.0|17696.0|5.0|293851.0|
||2021|77410.0|0.0|17690.0|0.0|297466.0|
|Batman-72|2004|51170.0|40000.0|41600.0|0.0|1071030.0|
||2005|49020.0|70000.0|51400.0|0.0|1185260.0|
||2006|48787.0|96085.0|74100.0|0.0|1172560.0|
||2007|59075.0|72781.0|55593.0|0.0|966736.0|
||2008|69682.0|104031.0|51485.0|0.0|862228.0|
||2009|67187.0|66500.0|10526.0|0.0|974487.0|
||2010|91398.0|21578.0|34561.0|0.0|1107835.0|
||2011|109277.0|15050.0|38058.0|0.0|1127336.0|
||2012|116313.0|11080.0|31210.0|0.0|1084037.0|
||2013|100884.0|8531.0|48498.0|0.0|1019667.0|
||2014|101954.0|7655.0|42949.0|0.0|998953.0|
||2015|94302.0|9355.0|31523.0|0.0|985294.0|
||2016|97506.0|3742.0|29453.0|0.0|885177.0|
||2017|112982.0|3905.0|29176.0|0.0|765046.0|
||2018|122079.0|2947.0|30597.0|0.0|782132.0|
||2019|147275.0|2535.0|28556.0|0.0|740883.0|
||2020|161981.0|2271.0|28075.0|0.0|750824.0|
||2021|174027.0|1743.0|27833.0|0.0|728009.0|
|Bayburt-69|2004|760.0|370730.0|1310.0|0.0|587170.0|
||2005|940.0|370730.0|1600.0|0.0|604280.0|
||2006|1435.0|329900.0|1664.0|0.0|669827.0|
||2007|1860.0|331530.0|1849.0|0.0|792167.0|
||2008|1860.0|331530.0|1772.0|0.0|607505.0|
||2009|1983.0|32295.0|1400.0|0.0|610962.0|
||2010|1608.0|41750.0|1666.0|0.0|622829.0|
||2011|443.0|192885.0|1640.0|0.0|608150.0|
||2012|517.0|243140.0|1474.0|0.0|653827.0|
||2013|546.0|342848.0|6425.0|0.0|733041.0|
||2014|544.0|232966.0|6314.0|0.0|793855.0|
||2015|535.0|229388.0|6358.0|0.0|818584.0|
||2016|535.0|190956.0|6374.0|0.0|845937.0|
||2017|418.0|200084.0|1953.0|0.0|722685.0|
||2018|1320.0|111629.0|2374.0|0.0|856536.0|
||2019|1565.0|114644.0|2735.0|0.0|853445.0|
||2020|1565.0|114789.0|2762.0|0.0|852576.0|
||2021|1700.0|94440.0|2693.0|0.0|1044512.0|
|Bilecik-11|2004|118290.0|142910.0|93520.0|0.0|669920.0|
||2005|122710.0|134620.0|96050.0|0.0|657950.0|
||2006|110770.0|132050.0|88924.0|0.0|633259.0|
||2007|111024.0|128770.0|75007.0|0.0|578868.0|
||2008|113176.0|130039.0|78783.0|0.0|564804.0|
||2009|114447.0|135013.0|79130.0|0.0|556043.0|
||2010|110140.0|128332.0|77013.0|0.0|514353.0|
||2011|111453.0|146246.0|78208.0|0.0|513043.0|
||2012|114910.0|143227.0|78240.0|0.0|529176.0|
||2013|115900.0|151422.0|78787.0|0.0|533402.0|
||2014|114538.0|116128.0|77697.0|0.0|508658.0|
||2015|113842.0|123302.0|67606.0|0.0|523555.0|
||2016|145829.0|117046.0|68908.0|0.0|520020.0|
||2017|140371.0|114762.0|67477.0|0.0|507091.0|
||2018|140770.0|117709.0|66191.0|0.0|500722.0|
||2019|139568.0|116644.0|60189.0|0.0|504934.0|
||2020|138401.0|98670.0|58756.0|0.0|522538.0|
||2021|142146.0|99057.0|59717.0|0.0|536815.0|
|Bingöl-12|2004|12970.0|70460.0|15920.0|0.0|288180.0|
||2005|13420.0|67950.0|16540.0|0.0|295990.0|
||2006|7450.0|183792.0|6362.0|0.0|216095.0|
||2007|20796.0|108397.0|33145.0|0.0|251450.0|
||2008|27041.0|93721.0|16147.0|0.0|243542.0|
||2009|28311.0|87100.0|14844.0|0.0|247024.0|
||2010|28753.0|75150.0|15092.0|0.0|236664.0|
||2011|30503.0|80425.0|14440.0|0.0|225150.0|
||2012|31762.0|70237.0|15013.0|0.0|233504.0|
||2013|34226.0|63818.0|15720.0|0.0|231507.0|
||2014|35815.0|80722.0|11835.0|0.0|231246.0|
||2015|35127.0|83226.0|12489.0|0.0|223931.0|
||2016|34727.0|72091.0|11730.0|0.0|200880.0|
||2017|35459.0|69122.0|11817.0|0.0|183997.0|
||2018|33210.0|71064.0|11919.0|0.0|186695.0|
||2019|33851.0|72429.0|11752.0|0.0|199688.0|
||2020|30549.0|58780.0|11350.0|0.0|199001.0|
||2021|29912.0|57935.0|11199.0|0.0|195857.0|
|Bitlis-13|2004|19390.0|660520.0|8880.0|0.0|837500.0|
||2005|17570.0|619700.0|9340.0|0.0|799670.0|
||2006|14688.0|248300.0|8244.0|0.0|733595.0|
||2007|17797.0|400270.0|6547.0|0.0|781444.0|
||2008|18016.0|395630.0|7554.0|0.0|786384.0|
||2009|18596.0|354750.0|7937.0|0.0|776023.0|
||2010|19271.0|144680.0|6756.0|0.0|826542.0|
||2011|22017.0|46500.0|7407.0|0.0|829463.0|
||2012|30548.0|95000.0|10402.0|0.0|860207.1|
||2013|42779.0|181731.0|17237.0|0.0|1087061.0|
||2014|43904.0|167000.0|22692.0|0.0|1148512.0|
||2015|48054.0|127377.0|32190.0|0.0|1117580.0|
||2016|54908.0|146465.0|30105.0|0.0|1099038.0|
||2017|56821.0|114000.0|31040.0|0.0|1012985.0|
||2018|62931.0|116450.0|31770.0|0.0|1028814.0|
||2019|70162.0|58700.0|34853.0|0.0|1138928.0|
||2020|71943.0|24175.0|32327.0|0.0|1181508.0|
||2021|75291.0|56120.0|34298.0|0.0|1218091.0|
|Bolu-14|2004|30000.0|231600.0|14610.0|0.0|1040400.0|
||2005|30340.0|206480.0|14380.0|0.0|1079780.0|
||2006|30158.0|216209.0|14768.0|0.0|1024435.0|
||2007|29872.0|214950.0|15157.0|0.0|995130.0|
||2008|29209.0|215750.0|15208.0|0.0|1023359.0|
||2009|37691.0|188900.0|13830.0|0.0|851431.0|
||2010|38908.0|165019.0|11425.0|0.0|908865.0|
||2011|38825.0|97743.0|10881.0|22.2|924279.0|
||2012|38828.0|193122.0|9994.0|22.2|962556.0|
||2013|38973.0|215997.0|10044.0|22.2|946933.0|
||2014|37599.0|181089.0|11283.0|0.0|929272.0|
||2015|37376.0|201961.0|11558.0|0.0|928015.0|
||2016|38055.0|192575.0|10880.0|0.0|933534.0|
||2017|38399.0|186504.0|10671.0|0.0|921904.0|
||2018|38154.0|188235.0|10360.0|0.0|903784.0|
||2019|38933.0|175417.0|9121.0|0.0|914691.0|
||2020|24460.0|154373.0|9453.0|0.0|939440.0|
||2021|24981.0|159533.0|8324.0|0.0|946312.0|
|Burdur-15|2004|138520.0|82800.0|66980.0|0.0|1333030.0|
||2005|137310.0|110310.0|61800.0|0.0|1403760.0|
||2006|106772.0|109206.0|62740.0|0.0|1344646.0|
||2007|114721.0|134534.0|54862.0|0.0|1408996.0|
||2008|117103.0|122074.0|60085.0|0.0|1335307.0|
||2009|125364.0|113743.0|58695.0|0.0|1268697.0|
||2010|162052.0|103313.0|54920.0|0.0|1315862.0|
||2011|157617.0|103967.0|59517.0|20.0|1287697.0|
||2012|161991.0|153216.0|61231.0|21.0|1245400.0|
||2013|148659.0|119304.0|63322.0|26.0|1317487.0|
||2014|146007.0|110271.0|61491.0|26.0|1280232.0|
||2015|147567.0|106598.0|61328.0|26.0|1249522.0|
||2016|146436.0|89763.0|63473.0|26.0|1199980.0|
||2017|141569.0|100514.0|66971.0|26.0|1129654.0|
||2018|152764.0|98942.0|64622.0|26.0|1227925.0|
||2019|175687.0|66574.0|61158.0|26.0|1185859.0|
||2020|165736.0|78584.0|57057.0|72.0|1200317.0|
||2021|164919.0|77694.0|52045.0|141.4|1292934.0|
|Bursa-16|2004|765980.0|147030.0|539570.0|0.0|2118760.0|
||2005|743700.0|142730.0|580750.0|0.0|2111460.0|
||2006|742545.0|190250.0|484575.0|0.0|2032060.0|
||2007|772121.0|192467.0|465307.0|0.0|1886419.0|
||2008|794340.0|188523.0|480915.0|0.0|1916982.0|
||2009|807893.0|180162.0|482843.0|0.0|1864462.0|
||2010|787168.0|176889.0|434706.0|0.0|1832022.0|
||2011|765662.0|170262.0|457980.0|2986.4|1666912.0|
||2012|855033.0|324394.0|468336.0|3172.6|1615848.0|
||2013|871207.0|246105.0|445638.0|3169.7|1538502.0|
||2014|873152.0|245066.0|440527.0|3249.6|1535910.0|
||2015|885681.0|263029.0|472693.0|2838.7|1424949.0|
||2016|886145.0|226498.0|430652.0|2873.2|1459167.0|
||2017|888443.0|211823.0|414225.0|2891.5|1507682.0|
||2018|923432.0|199224.0|418348.0|2989.4|1492999.0|
||2019|931221.0|214194.0|411487.0|2987.9|1439600.0|
||2020|947100.0|215409.0|385366.0|4341.6|1424149.0|
||2021|955606.0|203693.0|368736.0|4436.0|1425725.0|
|Çanakkale-17|2004|406340.0|242730.0|200210.0|0.0|1959650.0|
||2005|412020.0|188300.0|216870.0|0.0|2000060.0|
||2006|433128.0|95169.0|192171.0|0.0|1885274.0|
||2007|440589.0|183665.0|188184.0|0.0|1832552.0|
||2008|452818.0|183320.0|195101.0|0.0|1808390.0|
||2009|476283.0|201935.0|188272.0|0.0|1769224.0|
||2010|494799.0|204924.0|201700.0|0.0|1893986.0|
||2011|508026.0|169590.0|207112.0|0.0|1739269.0|
||2012|516760.0|165337.0|209874.0|0.0|1856884.0|
||2013|529615.0|207151.0|204382.0|0.0|1846091.0|
||2014|531957.0|219174.0|205293.0|0.0|1887306.0|
||2015|539432.0|206847.0|208621.0|0.0|1924641.0|
||2016|551116.0|190353.0|205862.0|0.0|1960148.0|
||2017|560624.0|158154.0|206272.0|0.0|1963932.0|
||2018|570560.0|149923.0|204307.0|0.0|1990742.0|
||2019|579420.0|146582.0|213454.0|0.0|1985703.0|
||2020|587586.0|135606.0|222588.0|0.0|2026282.0|
||2021|595335.0|133716.0|220890.0|0.0|2072929.0|
|Çankırı-18|2004|35980.0|642480.0|66310.0|0.0|1266760.0|
||2005|36740.0|633610.0|65380.0|0.0|1302080.0|
||2006|37300.0|645687.0|63394.0|0.0|1246264.0|
||2007|22876.0|585998.0|62186.0|0.0|1279489.0|
||2008|23030.0|603531.0|63252.0|0.0|1220776.0|
||2009|22650.0|566834.0|67969.0|0.0|1199554.0|
||2010|22738.0|612891.0|58800.0|0.0|1209464.0|
||2011|23675.0|615316.0|59383.0|0.0|1109164.0|
||2012|24599.0|689585.0|63146.0|0.0|1247690.0|
||2013|24716.0|710708.0|65017.0|0.0|1275696.0|
||2014|24840.0|725719.0|64813.0|0.0|1315682.0|
||2015|24732.0|740662.0|65640.0|0.0|1318978.0|
||2016|24701.0|756268.0|66050.0|0.0|1303163.0|
||2017|13918.0|754837.0|50132.0|0.0|1214218.0|
||2018|13353.0|762402.0|48327.0|0.0|1208223.0|
||2019|12404.0|770208.0|48687.0|0.0|1246027.0|
||2020|12918.0|726399.0|46123.0|0.0|1291015.0|
||2021|13251.0|557377.0|47420.0|0.0|1575735.0|
|Çorum-19|2004|119150.0|1217590.0|120990.0|0.0|4572180.0|
||2005|116410.0|1267660.0|112970.0|0.0|4530480.0|
||2006|115969.0|1255297.0|112250.0|0.0|4388971.0|
||2007|115525.0|1250070.0|108114.0|0.0|4300176.0|
||2008|116519.0|1303870.0|103294.0|0.0|4140200.0|
||2009|113656.0|1601304.0|85803.0|0.0|3824401.0|
||2010|110015.0|2005143.0|87285.0|0.0|3892348.0|
||2011|111690.0|1927261.0|96758.0|0.0|3700609.0|
||2012|105425.0|1968183.0|103872.0|0.0|3462273.0|
||2013|107756.0|1902203.0|82533.0|0.0|3436836.0|
||2014|104736.0|1778864.0|83958.0|0.0|3520740.0|
||2015|96444.0|1862110.0|87353.0|0.0|3480999.0|
||2016|84768.0|1621685.0|97351.0|0.0|3524715.0|
||2017|88859.0|1541801.0|110756.0|0.0|3607766.0|
||2018|91128.0|1437838.0|105207.0|0.0|3582658.0|
||2019|92565.0|1319112.0|118271.0|0.0|3765426.0|
||2020|90169.0|1284805.0|142585.0|0.0|3812929.0|
||2021|96185.0|1222354.0|170025.0|0.0|3923768.0|
|Denizli-20|2004|717110.0|75540.0|159050.0|0.0|2823860.0|
||2005|704180.0|96630.0|158870.0|0.0|2801070.0|
||2006|671511.0|96120.0|155879.0|0.0|2762522.0|
||2007|747642.0|136918.0|139613.0|0.0|2620741.0|
||2008|786005.0|111676.0|145285.0|0.0|2546132.0|
||2009|792144.0|113153.0|145782.0|0.0|2538416.0|
||2010|811301.0|121338.0|146120.0|0.0|2596671.0|
||2011|837731.0|116485.0|141822.0|108.2|2492878.0|
||2012|859584.0|156937.0|152054.0|116.6|2497910.7|
||2013|828975.0|207011.0|131479.0|116.6|2511239.0|
||2014|831633.0|166920.0|132867.0|122.3|2542812.0|
||2015|838026.0|158313.0|130922.0|116.9|2516641.0|
||2016|858065.0|195664.0|132909.0|116.9|2399987.0|
||2017|856832.0|190044.0|134921.0|116.9|2355407.0|
||2018|872385.0|186978.0|135575.0|116.9|2359457.0|
||2019|901335.0|193893.0|137943.0|116.9|2374387.0|
||2020|954455.0|197019.0|142532.0|116.9|2356089.0|
||2021|949359.0|158523.0|137654.0|123.0|2309971.0|
|Diyarbakır-21|2004|248390.0|794980.0|179980.0|0.0|6760930.0|
||2005|249850.0|729410.0|189980.0|0.0|6446580.0|
||2006|250691.0|671676.0|183538.0|0.0|6176103.0|
||2007|256015.0|406489.0|194848.0|0.0|6093480.0|
||2008|285377.0|390660.0|209769.0|0.0|5395874.0|
||2009|253727.0|266260.0|137109.0|0.0|5053435.0|
||2010|263449.0|229618.0|158860.0|0.0|5460916.0|
||2011|275917.0|215370.0|160640.0|0.0|5339176.0|
||2012|252028.0|121650.0|167414.0|0.0|5167288.0|
||2013|254999.0|120766.0|169481.0|0.0|5469928.0|
||2014|255459.0|183519.0|154741.0|0.0|5553326.0|
||2015|255223.0|165959.0|154512.0|0.0|5484753.0|
||2016|257311.0|126753.0|137945.0|0.0|5376360.0|
||2017|256172.0|89079.0|136740.0|0.0|5270477.0|
||2018|222818.0|117537.0|141100.0|0.0|5223208.0|
||2019|213731.0|121407.0|124784.0|0.0|5069181.0|
||2020|218264.0|69570.0|121702.0|0.0|5140707.0|
||2021|219522.0|82425.0|126419.0|0.0|5307776.0|
|Düzce-81|2004|651740.0|0.0|14010.0|0.0|247430.0|
||2005|627420.0|0.0|14540.0|0.0|240410.0|
||2006|628047.0|0.0|13337.0|0.0|218112.0|
||2007|625598.0|226.0|12619.0|0.0|204774.0|
||2008|628958.0|226.0|12813.0|0.0|204824.0|
||2009|628813.0|1440.0|12139.0|0.0|217829.0|
||2010|628972.0|5597.0|5014.0|0.0|80883.0|
||2011|628857.0|1521.0|5021.0|61.3|99208.0|
||2012|629284.0|221.0|5841.0|107.1|95654.0|
||2013|629319.0|52.0|7181.0|176.1|104866.0|
||2014|629001.0|0.0|8546.0|317.6|107033.0|
||2015|629063.0|0.0|7988.0|318.0|101984.0|
||2016|628973.0|0.0|8178.0|410.5|104077.0|
||2017|633568.0|0.0|8633.0|409.4|105921.0|
||2018|633824.0|0.0|8565.0|409.3|102093.0|
||2019|633971.0|0.0|7703.0|409.8|104267.0|
||2020|634761.0|0.0|7715.0|665.0|104086.0|
||2021|634590.0|0.0|7815.0|583.0|111096.0|
|Edirne-22|2004|29710.0|7360.0|116320.0|0.0|3529630.0|
||2005|27550.0|10010.0|113280.0|0.0|3611870.0|
||2006|27949.0|11410.0|113078.0|0.0|3549520.0|
||2007|31896.0|50.0|104215.0|0.0|3368376.0|
||2008|33376.0|0.0|111054.0|0.0|3359380.0|
||2009|33508.0|0.0|103919.0|0.0|3294847.0|
||2010|34470.0|1108.0|93275.0|0.0|3487679.0|
||2011|35716.0|1446.0|84218.0|3050.0|3157336.0|
||2012|45740.0|1546.0|85068.0|2500.0|2888491.0|
||2013|57834.0|2731.0|77747.0|2500.0|2770730.0|
||2014|57655.0|6541.0|68195.0|2500.0|3003189.0|
||2015|58366.0|6690.0|67731.0|2500.0|3009207.0|
||2016|58909.0|6454.0|57538.0|2500.0|3074252.0|
||2017|44016.0|6548.0|57444.0|2500.0|3030472.0|
||2018|43923.0|6338.0|57303.0|2500.0|3031284.0|
||2019|42816.0|5886.0|55760.0|2500.0|3006012.0|
||2020|43509.0|6800.0|50184.0|2500.0|3005978.0|
||2021|46229.0|5876.0|44032.0|2500.0|3208247.0|
|Elazığ-23|2004|188970.0|530300.0|52490.0|0.0|1142070.0|
||2005|194570.0|525550.0|51300.0|0.0|1128800.0|
||2006|204818.0|452000.0|50135.0|0.0|1373915.0|
||2007|229092.0|415625.0|47412.0|0.0|1222354.0|
||2008|276461.0|431850.0|44410.0|0.0|1153262.0|
||2009|231424.0|42905.0|43527.0|0.0|1060218.0|
||2010|244655.0|269515.0|48972.0|0.0|1056111.0|
||2011|232151.0|172537.0|57187.0|58.6|1045531.0|
||2012|233889.0|189910.0|59449.0|58.6|1093212.0|
||2013|238254.0|242031.0|61281.0|138.0|1031029.0|
||2014|244182.0|199957.0|58811.0|138.3|1065710.0|
||2015|256083.0|248992.0|59806.0|138.3|1026609.0|
||2016|263586.0|377384.0|64052.0|185.7|1039202.0|
||2017|266518.0|375846.0|68088.0|155.7|1049521.0|
||2018|278300.0|452814.0|69088.0|121.0|1065498.0|
||2019|279395.0|405769.0|71614.0|154.5|1094279.0|
||2020|287440.0|391656.0|73850.0|152.0|1114307.0|
||2021|290987.0|398301.0|73721.0|152.0|1144590.0|
|Erzincan-24|2004|34300.0|436500.0|42710.0|0.0|1195550.0|
||2005|34760.0|421500.0|39930.0|0.0|1219490.0|
||2006|34620.0|432500.0|53368.0|0.0|1180979.0|
||2007|34971.0|435170.0|34742.0|0.0|1158282.0|
||2008|35047.0|443765.0|34006.0|0.0|1135000.0|
||2009|34555.0|445000.0|33743.0|0.0|1118548.0|
||2010|34712.0|405750.0|30327.0|0.0|982080.0|
||2011|35739.0|246870.0|32817.0|0.0|986930.0|
||2012|35330.0|265811.0|34205.0|0.0|1009685.0|
||2013|35718.0|260751.0|34114.0|0.0|987657.0|
||2014|35415.0|255352.0|35074.0|0.0|951199.0|
||2015|35295.0|297215.0|34826.0|0.0|987514.0|
||2016|33834.0|308036.0|34521.0|0.0|936920.0|
||2017|33398.0|286500.0|29169.0|0.0|889996.0|
||2018|34515.0|295175.0|29039.0|0.0|872698.0|
||2019|36657.0|292756.0|31040.0|0.0|898534.0|
||2020|37745.0|283040.0|31733.0|0.0|903590.0|
||2021|38633.0|293400.0|31579.0|0.0|1022071.0|
|Erzurum-25|2004|18770.0|811710.0|16310.0|0.0|2957390.0|
||2005|18210.0|823850.0|16730.0|0.0|2948320.0|
||2006|18166.0|951838.0|16806.0|0.0|2786188.0|
||2007|16525.0|847282.0|12802.0|0.0|2448471.0|
||2008|16876.0|1336137.0|12625.0|0.0|2768957.0|
||2009|17563.0|1127800.0|13832.0|0.0|2433839.0|
||2010|16091.0|1118895.0|8169.0|0.0|2315103.0|
||2011|16034.0|995341.0|8075.0|1.0|2495971.0|
||2012|16305.0|1083822.0|9593.0|0.5|2697060.0|
||2013|15676.0|1008485.0|9591.0|2.0|2553074.0|
||2014|16024.0|1086739.0|8849.0|2.0|2477241.0|
||2015|15963.0|1051784.0|8764.0|16.9|2400641.0|
||2016|17697.0|1070891.0|9588.0|16.9|2368873.0|
||2017|17336.0|1000415.0|9407.0|16.9|2381944.0|
||2018|16272.0|993793.0|9630.0|16.9|2383493.0|
||2019|17120.0|1043336.0|9972.0|16.9|2402060.0|
||2020|19051.0|926601.0|10595.0|16.9|2514137.0|
||2021|19528.0|964320.0|10936.0|16.9|2470827.0|
|Eskişehir-26|2004|34400.0|1761180.0|81620.0|0.0|3762590.0|
||2005|38360.0|1765690.0|78140.0|0.0|3746570.0|
||2006|37820.0|1674383.0|102655.0|0.0|3784533.0|
||2007|37375.0|1667698.0|86179.0|0.0|3672830.0|
||2008|37225.0|1670375.0|89553.0|0.0|3628726.0|
||2009|42476.0|1689359.0|80403.0|0.0|3317459.0|
||2010|43275.0|1093667.0|89757.0|0.0|3356747.0|
||2011|39070.0|1455961.0|96884.0|41.2|3309626.0|
||2012|39422.0|1346861.0|102136.0|33.5|3257697.0|
||2013|44363.0|1848555.0|96339.0|40.5|3782065.0|
||2014|40829.0|2100708.0|100227.0|48.5|3613271.0|
||2015|39438.0|2162518.0|101182.0|33.9|3593550.0|
||2016|42124.0|2013798.0|110620.0|33.9|3579652.0|
||2017|42787.0|1977593.0|104455.0|54.2|3500880.0|
||2018|42187.0|1765347.0|98359.0|54.2|3578060.0|
||2019|44856.0|1533156.0|102232.0|384.7|3869235.0|
||2020|43560.0|1521148.0|116851.0|53.3|3903996.0|
||2021|41652.0|1425901.0|122494.0|30.8|3970177.0|
|Gaziantep-27|2004|1549490.0|130630.0|91170.0|0.0|1995350.0|
||2005|1547710.0|136100.0|84790.0|0.0|1929230.0|
||2006|1600936.0|128957.0|80237.0|0.0|1811220.0|
||2007|1497306.0|111100.0|84642.0|0.0|1814112.0|
||2008|1534884.0|105829.0|75185.0|0.0|1527920.0|
||2009|1452225.0|106633.0|63084.0|0.0|1481459.0|
||2010|1483606.0|70193.0|61509.0|0.0|1473291.0|
||2011|1505744.0|69540.0|57117.0|0.0|1463873.0|
||2012|2034032.0|31922.0|89860.0|0.0|1514252.0|
||2013|2009223.0|34499.0|85452.0|0.0|1488035.0|
||2014|2003151.0|38516.0|87874.0|0.0|1486340.0|
||2015|2007844.0|26499.0|86404.0|0.0|1467777.0|
||2016|2041948.0|22428.0|89573.0|0.0|1384598.0|
||2017|2079944.0|9820.0|97753.0|0.0|1327102.0|
||2018|2106013.0|7810.0|98716.0|0.0|1246598.0|
||2019|2133658.0|7810.0|101268.0|0.0|1211359.0|
||2020|2164787.0|7612.0|119033.0|0.0|1197278.0|
||2021|2184812.0|9612.0|121313.0|0.0|1155500.0|
|Giresun-28|2004|1109100.0|112910.0|40470.0|0.0|452590.0|
||2005|1122680.0|112910.0|36480.0|0.0|365460.0|
||2006|1134462.0|112910.0|36345.0|0.0|359944.0|
||2007|1059044.0|65870.0|29429.0|0.0|312891.0|
||2008|1060653.0|65870.0|29719.0|0.0|322581.0|
||2009|1062792.0|65870.0|29608.0|0.0|321557.0|
||2010|1210615.0|64370.0|21275.0|0.0|295689.0|
||2011|1210799.0|138726.0|20088.0|0.0|285417.0|
||2012|1252738.0|133592.0|23830.0|1.2|272179.0|
||2013|1211372.0|140007.0|23803.0|1.2|275872.0|
||2014|1200458.0|137616.0|27394.0|1.3|251874.0|
||2015|1198005.0|146451.0|27020.0|1.4|239334.0|
||2016|1197678.0|145303.0|27343.0|1.4|234539.0|
||2017|1197905.0|132090.0|26694.0|1.4|226995.0|
||2018|1193735.0|126567.0|26610.0|1.4|217351.0|
||2019|1197417.0|7009.0|26307.0|1.5|188024.0|
||2020|1197752.0|135534.0|26227.0|1.6|181630.0|
||2021|1196598.0|133774.0|27507.0|2.2|179482.0|
|Gümüşhane-29|2004|13440.0|248980.0|8640.0|0.0|681650.0|
||2005|13580.0|219510.0|8500.0|0.0|654310.0|
||2006|14369.0|160726.0|8414.0|0.0|557796.0|
||2007|13578.0|205179.0|8340.0|0.0|505466.0|
||2008|13536.0|206370.0|8344.0|0.0|479296.0|
||2009|11541.0|199774.0|8491.0|0.0|473589.0|
||2010|15690.0|263302.0|7930.0|0.0|468746.0|
||2011|15302.0|278547.0|6759.0|0.0|481305.0|
||2012|15526.0|292640.0|6820.0|0.0|476822.0|
||2013|15962.0|179661.0|6279.0|0.0|455769.0|
||2014|16233.0|190142.0|7020.0|0.0|455400.0|
||2015|16137.0|213832.0|6896.0|0.0|449449.0|
||2016|16789.0|212858.0|8313.0|0.0|430106.0|
||2017|18892.0|358105.0|8289.0|0.0|428250.0|
||2018|19985.0|371634.0|8938.0|0.0|428548.0|
||2019|21788.0|384905.0|8634.0|0.0|432621.0|
||2020|23108.0|322123.0|5737.0|0.0|497025.0|
||2021|23427.0|365094.0|6212.0|0.0|496944.0|
|Hakkari-30|2004|11250.0|16930.0|23720.0|0.0|392560.0|
||2005|16640.0|30120.0|19800.0|0.0|367750.0|
||2006|18623.0|20120.0|21562.0|0.0|346597.0|
||2007|30812.0|19000.0|19937.0|0.0|395370.0|
||2008|34383.0|19500.0|20468.0|0.0|397202.0|
||2009|37212.0|19000.0|18659.0|0.0|349944.0|
||2010|37237.0|18500.0|12518.0|0.0|324235.0|
||2011|37850.0|19000.0|13624.0|0.0|285622.0|
||2012|38556.0|19000.0|15447.0|0.0|321993.0|
||2013|38988.0|24503.0|15586.0|0.0|254372.0|
||2014|32702.0|26758.0|15225.0|0.0|263622.0|
||2015|31546.0|15591.0|14865.0|0.0|273161.0|
||2016|31542.0|20388.0|14229.0|0.0|288127.0|
||2017|26249.0|12000.0|17706.0|0.0|354527.0|
||2018|44387.0|8750.0|17718.0|0.0|337120.0|
||2019|53502.0|6600.0|22680.0|0.0|348614.0|
||2020|41722.0|38.0|15597.0|0.0|373455.0|
||2021|36858.0|30.0|13796.0|0.0|393754.0|
|Hatay-31|2004|672050.0|3000.0|412240.0|0.0|1796290.0|
||2005|700050.0|3000.0|406500.0|0.0|1781260.0|
||2006|715769.0|2500.0|400438.0|0.0|1764601.0|
||2007|730332.0|3050.0|365052.0|0.0|1543282.0|
||2008|739476.0|0.0|368555.0|0.0|1562822.0|
||2009|767091.0|0.0|365504.0|0.0|1511587.0|
||2010|782787.0|0.0|366105.0|0.0|1582253.0|
||2011|807185.0|46262.0|366407.0|146.7|1371420.0|
||2012|824777.0|67517.0|348468.0|153.7|1309622.2|
||2013|843787.0|2167.0|329052.0|141.2|1375134.0|
||2014|828678.0|27202.0|311117.0|92.4|1337813.0|
||2015|847560.0|9861.0|289936.0|31.9|1271770.0|
||2016|862585.0|10760.0|286641.0|29.9|1274823.0|
||2017|875875.0|2724.0|267202.0|31.9|1220310.0|
||2018|904551.0|18396.0|253573.0|29.9|1109000.0|
||2019|929829.0|4950.0|231213.0|30.2|1051974.0|
||2020|961398.0|5234.0|251228.0|150.2|1050338.0|
||2021|993242.0|56006.0|229763.0|152.4|1086905.0|
|Iğdır-76|2004|20830.0|197470.0|31140.0|0.0|515870.0|
||2005|20660.0|183020.0|30350.0|0.0|539240.0|
||2006|29171.0|182521.0|30513.0|0.0|533819.0|
||2007|29344.0|199654.0|26924.0|0.0|505839.0|
||2008|23373.0|175442.0|27532.0|0.0|544203.0|
||2009|24458.0|181442.0|26126.0|0.0|557842.0|
||2010|36264.0|236922.0|26360.0|0.0|501596.0|
||2011|37218.0|145650.0|34158.0|0.0|477884.0|
||2012|42735.0|65200.0|41297.0|0.0|488488.0|
||2013|43184.0|115687.0|47760.0|0.0|483508.0|
||2014|44628.0|118437.0|53175.0|0.0|499334.0|
||2015|52596.0|38378.0|51706.0|0.0|564437.0|
||2016|53244.0|40994.0|57902.0|0.0|534427.0|
||2017|58183.0|204769.0|34079.0|0.0|750255.0|
||2018|59201.0|209139.0|33131.0|0.0|727868.0|
||2019|59171.0|217891.0|34673.0|0.0|658773.0|
||2020|58768.0|233966.0|35868.0|0.0|643757.0|
||2021|62107.0|214750.0|33461.0|0.0|740354.0|
|Isparta-32|2004|317130.0|209540.0|55870.0|0.0|1289440.0|
||2005|318640.0|220040.0|54990.0|0.0|1272630.0|
||2006|315870.0|235155.0|54219.0|0.0|1182555.0|
||2007|322652.0|253047.0|50390.0|0.0|1135242.0|
||2008|330203.0|312039.0|48723.0|0.0|1123487.0|
||2009|360304.0|349747.0|50745.0|0.0|1227762.0|
||2010|368656.0|351215.0|51281.0|0.0|1286669.0|
||2011|371902.0|366534.0|51280.0|432.7|1283444.0|
||2012|384575.0|373153.0|54064.0|454.3|1257978.0|
||2013|389787.0|399452.0|51763.0|485.5|1270832.0|
||2014|397854.0|283711.0|52793.0|508.5|1349798.0|
||2015|407725.0|261502.0|55472.0|531.0|1360898.0|
||2016|413003.0|263214.0|54964.0|552.0|1321407.0|
||2017|413358.0|263352.0|58613.0|633.0|1226327.0|
||2018|415741.0|321618.0|56003.0|646.0|1231738.0|
||2019|409517.0|261289.0|53756.0|769.0|1160630.0|
||2020|418872.0|276034.0|54411.0|868.0|1210134.0|
||2021|395368.0|296291.0|42358.0|1792.8|1203751.0|
|İstanbul-34|2004|24990.0|0.0|54910.0|0.0|756780.0|
||2005|24460.0|0.0|49280.0|0.0|798300.0|
||2006|25083.0|0.0|40515.0|0.0|720062.0|
||2007|24830.0|0.0|38287.0|0.0|681360.0|
||2008|24825.0|0.0|38310.0|0.0|683912.0|
||2009|28302.0|0.0|40254.0|0.0|632441.0|
||2010|28075.0|1080.0|38670.0|0.0|639905.0|
||2011|26994.0|2182.0|35438.0|686.1|681754.0|
||2012|27130.0|4976.0|37111.0|594.6|646513.0|
||2013|27074.0|1803.0|36195.0|496.0|643418.0|
||2014|26634.0|1705.0|34101.0|527.4|655986.0|
||2015|27096.0|1666.0|30791.0|339.1|655530.0|
||2016|27136.0|1624.0|29647.0|514.8|670835.0|
||2017|27141.0|1563.0|29575.0|514.8|662380.0|
||2018|27272.0|1563.0|29371.0|505.4|664618.0|
||2019|27467.0|1563.0|29471.0|531.4|659472.0|
||2020|27437.0|6105.0|28698.0|508.5|677892.0|
||2021|27609.0|6229.0|28349.0|488.1|687349.0|
|İzmir-35|2004|1354510.0|32900.0|450920.0|0.0|1676070.0|
||2005|1382980.0|32180.0|462030.0|0.0|1704810.0|
||2006|1329945.0|29795.0|434757.0|0.0|1744829.0|
||2007|1395221.0|30085.0|396133.0|0.0|1618971.0|
||2008|1391321.0|43730.0|418628.0|0.0|1608044.0|
||2009|1404488.0|44320.0|415370.0|0.0|1611179.0|
||2010|1406227.0|44093.0|411486.0|0.0|1629190.0|
||2011|1416221.0|42355.0|412614.0|7366.4|1290308.0|
||2012|1425424.0|70804.0|430944.0|9688.2|1351811.0|
||2013|1457092.0|37470.0|411021.0|10669.3|1357526.0|
||2014|1469252.0|35645.0|408446.0|13898.8|1370507.0|
||2015|1474915.0|33512.0|397132.0|14346.9|1356170.0|
||2016|1485156.0|30420.0|393090.0|16181.2|1349383.0|
||2017|1478030.0|30280.0|384493.0|15458.5|1378474.0|
||2018|1480832.0|31266.0|379558.0|16251.4|1335049.0|
||2019|1477139.0|30286.0|381652.0|16352.7|1322703.0|
||2020|1501025.0|23177.0|359407.0|16364.7|1357009.0|
||2021|1463126.0|24999.0|305643.0|16465.6|1405419.0|
|Kahramanmaraş-46|2004|475530.0|437720.0|98870.0|0.0|3400420.0|
||2005|496590.0|305550.0|99980.0|0.0|3301770.0|
||2006|466717.0|301043.0|88261.0|0.0|3101063.0|
||2007|497039.0|371511.0|83646.0|0.0|2852180.0|
||2008|516734.0|296422.0|85171.0|0.0|2764184.0|
||2009|561026.0|130232.0|95484.0|0.0|2737516.0|
||2010|583939.0|115185.0|98628.0|0.0|2785341.0|
||2011|648397.0|256868.0|97435.0|20.8|2750399.0|
||2012|668542.0|286090.0|103693.0|17.9|2166715.0|
||2013|692201.0|327346.0|103956.0|17.9|2440766.0|
||2014|693803.0|495561.0|104922.0|19.0|2369154.0|
||2015|706307.0|352236.0|104039.0|18.9|2460584.0|
||2016|561095.0|429712.0|97183.0|18.9|2357385.0|
||2017|561171.0|458364.0|91838.0|18.9|2359039.0|
||2018|597930.0|538282.0|95428.0|16.9|2366395.0|
||2019|599160.0|333822.0|89875.0|15.9|2494179.0|
||2020|625493.0|317815.0|94891.0|15.9|2555422.0|
||2021|634146.0|314870.0|73723.0|16.3|2508371.0|
|Karabük-78|2004|5570.0|241270.0|10380.0|0.0|381360.0|
||2005|5580.0|194400.0|10970.0|0.0|338000.0|
||2006|7901.0|194400.0|11119.0|0.0|338348.0|
||2007|4621.0|249670.0|12468.0|0.0|297848.0|
||2008|4815.0|236500.0|12569.0|0.0|286269.0|
||2009|5449.0|229500.0|12075.0|0.0|282640.0|
||2010|5571.0|230000.0|12071.0|0.0|264088.0|
||2011|5675.0|227500.0|11890.0|0.0|263820.0|
||2012|5870.0|206825.0|10554.0|0.0|269340.0|
||2013|5665.0|215634.0|10742.0|0.0|268937.0|
||2014|6149.0|194663.0|10387.0|0.0|267169.0|
||2015|6336.0|197756.0|10059.0|0.0|261628.0|
||2016|6520.0|238904.0|10079.0|0.0|258078.0|
||2017|6336.0|228150.0|9991.0|0.0|254022.0|
||2018|3641.0|143251.0|6572.0|0.0|184024.0|
||2019|3936.0|152191.0|7058.0|0.0|211069.0|
||2020|4412.0|143380.0|7774.0|0.0|220779.0|
||2021|4548.0|166094.0|7247.0|0.0|247860.0|
|Karaman-70|2004|417720.0|320390.0|164720.0|0.0|2497960.0|
||2005|413060.0|312750.0|166780.0|0.0|2423940.0|
||2006|395961.0|391013.0|182667.0|0.0|2315796.0|
||2007|385648.0|218803.0|167605.0|0.0|2487590.0|
||2008|386683.0|323045.0|171826.0|0.0|2001371.0|
||2009|387958.0|220436.0|168919.0|0.0|1990211.0|
||2010|313539.0|234046.0|129687.0|0.0|1971534.0|
||2011|323540.0|282515.0|117878.0|22.0|1947095.0|
||2012|353338.0|524503.0|137105.0|3.0|2151459.0|
||2013|324081.0|430155.0|138900.0|0.0|2482797.0|
||2014|332116.0|424999.0|134865.0|0.0|2532601.0|
||2015|320324.0|237191.0|135107.0|11.8|2691810.0|
||2016|321271.0|238438.0|133328.0|11.8|2645710.0|
||2017|330501.0|234370.0|132046.0|10.8|2618572.0|
||2018|338898.0|227331.0|137744.0|10.6|2602429.0|
||2019|338284.0|171159.0|134972.0|10.1|2630277.0|
||2020|336604.0|207693.0|136932.0|60.0|2610647.0|
||2021|349669.0|178878.0|141060.0|33.0|2663253.0|
|Kars-36|2004|7720.0|915000.0|1800.0|0.0|2464300.0|
||2005|6790.0|900000.0|1800.0|0.0|2501410.0|
||2006|6789.0|742302.0|1798.0|0.0|2607860.0|
||2007|6531.0|614000.0|0.0|0.0|2280820.0|
||2008|9369.0|573655.0|0.0|0.0|2497813.0|
||2009|8091.0|389200.0|0.0|0.0|2045671.0|
||2010|6835.0|328702.0|0.0|0.0|2032845.0|
||2011|6863.0|239986.0|0.0|0.0|2193391.0|
||2012|6854.0|1368908.0|0.0|0.0|2371796.0|
||2013|6900.0|17382.0|0.0|0.0|2094358.0|
||2014|7773.0|11478.0|0.0|0.0|2075907.0|
||2015|7773.0|19687.0|0.0|0.0|2131190.0|
||2016|8888.0|19193.0|19.0|0.0|1993835.0|
||2017|10582.0|15997.0|20.0|0.0|1998972.0|
||2018|17149.0|10528.0|0.0|0.0|2073045.0|
||2019|18284.0|10369.0|0.0|0.0|2161626.0|
||2020|18939.0|19667.0|0.0|0.0|2168485.0|
||2021|17373.0|7571.0|10.0|0.0|2268840.0|
|Kastamonu-37|2004|104820.0|39820.0|72760.0|0.0|1467010.0|
||2005|107640.0|253260.0|70350.0|0.0|1489790.0|
||2006|107677.0|259324.0|71969.0|0.0|1453447.0|
||2007|108930.0|321210.0|72155.0|0.0|1488520.0|
||2008|108951.0|317731.0|72065.0|0.0|1473185.0|
||2009|105992.0|332974.0|67959.0|0.0|1378878.0|
||2010|101566.0|325971.0|62863.0|0.0|1211267.0|
||2011|103558.0|233633.0|60917.0|34.0|1132980.0|
||2012|99851.0|277691.0|56602.0|55.0|1123628.0|
||2013|98650.0|268458.0|49006.0|103.5|1089314.0|
||2014|97923.0|291991.0|52744.0|87.9|1120963.0|
||2015|98216.0|285688.0|56599.0|44.2|1099796.0|
||2016|114899.0|243487.0|54629.0|42.0|1100691.0|
||2017|118060.0|218749.0|53391.0|45.5|1057165.0|
||2018|117786.0|179383.0|52809.0|16.0|1042629.0|
||2019|116710.0|178249.0|53773.0|7.5|1108430.0|
||2020|125611.0|132794.0|49085.0|70.0|1165331.0|
||2021|117420.0|125357.0|52558.0|24.2|1105881.0|
|Kayseri-38|2004|106170.0|2597950.0|42770.0|0.0|3875680.0|
||2005|111970.0|2721780.0|63770.0|0.0|3713460.0|
||2006|115196.0|2776061.0|103249.0|0.0|3609118.0|
||2007|132909.0|2354251.0|104313.0|0.0|3576443.0|
||2008|133757.0|2173945.0|108544.0|0.0|3681377.0|
||2009|137366.0|2078610.0|95075.0|0.0|3786111.0|
||2010|146048.0|1942579.0|119770.0|0.0|3823666.0|
||2011|149209.0|2032618.0|246504.0|17.6|3733344.0|
||2012|152640.0|2240907.0|270121.0|18.1|3557533.0|
||2013|154127.0|2161974.0|265280.0|13.7|3466264.0|
||2014|155108.0|2104387.0|290286.0|23.2|3452682.0|
||2015|154940.0|2037945.0|330643.0|23.2|3439151.0|
||2016|160972.0|1941996.0|335296.0|23.2|3506086.0|
||2017|168810.0|1842751.0|338279.0|0.0|3460681.0|
||2018|195427.0|1579152.0|347176.0|0.0|3640477.0|
||2019|212788.0|1459216.0|359562.0|0.0|3836866.0|
||2020|175782.0|1337941.0|382586.0|0.0|3821780.0|
||2021|154013.0|1307071.0|397158.0|0.0|3695116.0|
|Kilis-79|2004|338540.0|76640.0|123530.0|0.0|511270.0|
||2005|352840.0|103010.0|123500.0|0.0|483910.0|
||2006|361020.0|101985.0|123502.0|0.0|459565.0|
||2007|379947.0|29735.0|124291.0|0.0|455267.0|
||2008|383197.0|29670.0|124394.0|0.0|436350.0|
||2009|383407.0|29895.0|124989.0|0.0|440046.0|
||2010|384908.0|0.0|136017.0|0.0|478373.0|
||2011|456796.0|2722.0|27679.0|0.0|508069.0|
||2012|477350.0|11286.0|26973.0|0.0|515835.0|
||2013|587170.0|43444.0|60901.0|0.0|361648.0|
||2014|545262.0|42725.0|65821.0|0.0|400066.0|
||2015|517475.0|44338.0|66258.0|0.0|422376.0|
||2016|512964.0|43318.0|63824.0|0.0|425912.0|
||2017|523439.0|40467.0|48680.0|0.0|413525.0|
||2018|548400.0|40913.0|48534.0|0.0|391601.0|
||2019|549090.0|41413.0|51117.0|0.0|367585.0|
||2020|552666.0|40071.0|49182.0|0.0|378771.0|
||2021|543167.0|34711.0|53615.0|0.0|386297.0|
|Kırıkkale-71|2004|36110.0|843170.0|65230.0|0.0|2002180.0|
||2005|35840.0|806650.0|108110.0|0.0|2020130.0|
||2006|35718.0|803732.0|38722.0|0.0|1836012.0|
||2007|30896.0|908885.0|34294.0|0.0|1894296.0|
||2008|30462.0|1007282.0|29268.0|0.0|1850106.0|
||2009|30838.0|916246.0|29252.0|0.0|1860802.0|
||2010|28776.0|1029838.0|23678.0|0.0|1819577.0|
||2011|28782.0|1123047.0|25083.0|0.0|1794564.0|
||2012|29277.0|1032254.0|24961.0|0.0|1780452.0|
||2013|29606.0|1264754.0|25504.0|0.0|1735386.0|
||2014|31705.0|1258352.0|24074.0|0.0|1776126.0|
||2015|32787.0|1260419.0|24092.0|0.0|1785603.0|
||2016|29263.0|1329832.0|24720.0|0.0|1692661.0|
||2017|32163.0|1143027.0|16594.0|0.0|1819083.0|
||2018|33155.0|997210.0|17077.0|0.0|1970135.0|
||2019|33193.0|949535.0|16972.0|0.0|2010422.0|
||2020|32268.0|905863.0|17499.0|0.0|2045268.0|
||2021|41047.0|712992.0|19027.0|0.0|2306005.0|
|Kırklareli-39|2004|9720.0|0.0|49410.0|0.0|2417550.0|
||2005|11080.0|0.0|48260.0|0.0|2391730.0|
||2006|11345.0|0.0|46661.0|0.0|2326975.0|
||2007|12807.0|5369.0|41928.0|0.0|2233081.0|
||2008|14147.0|10374.0|40540.0|0.0|2281470.0|
||2009|16586.0|11513.0|40187.0|0.0|2237176.0|
||2010|17709.0|11269.0|37532.0|0.0|2257073.0|
||2011|19785.0|11391.0|36760.0|12.3|2182648.0|
||2012|21189.0|108691.0|36338.0|0.0|1747971.0|
||2013|22165.0|38707.0|26545.0|4.3|2029236.0|
||2014|22749.0|22580.0|25851.0|4.3|2201723.0|
||2015|22348.0|18306.0|24098.0|4.3|2193246.0|
||2016|23553.0|17481.0|22513.0|0.0|2306113.0|
||2017|24595.0|12273.0|22057.0|0.0|2294336.0|
||2018|27614.0|9269.0|18634.0|0.0|2314604.0|
||2019|28750.0|12895.0|17204.0|0.0|2243275.0|
||2020|30932.0|4243.0|15581.0|0.0|2264718.0|
||2021|31949.0|3766.0|14828.0|0.0|2425761.0|
|Kırşehir-40|2004|41240.0|1689910.0|44210.0|0.0|2547720.0|
||2005|41430.0|1338070.0|42580.0|0.0|2871150.0|
||2006|36847.0|1436895.0|42946.0|0.0|2750823.0|
||2007|25753.0|1306320.0|22628.0|0.0|2770104.0|
||2008|25450.0|1050660.0|33551.0|0.0|2564044.0|
||2009|28821.0|882273.0|29395.0|0.0|2558231.0|
||2010|28416.0|871699.0|26878.0|0.0|3050116.0|
||2011|31009.0|1220271.0|30057.0|0.0|2782572.0|
||2012|35039.0|1291277.0|23048.0|0.0|2647511.0|
||2013|39587.0|1523771.0|22126.0|0.0|2259828.0|
||2014|40760.0|1235525.0|22729.0|0.0|2363848.0|
||2015|40769.0|1564746.0|16554.0|0.0|2294572.0|
||2016|35131.0|1591462.0|19046.0|0.0|2329553.0|
||2017|33704.0|1047194.0|18510.0|0.0|2426384.0|
||2018|37309.0|823233.0|16940.0|0.0|2623522.0|
||2019|40312.0|540950.0|12784.0|0.0|2655985.0|
||2020|40391.0|509637.0|12259.0|0.0|2713712.0|
||2021|48401.0|527808.0|13193.0|0.0|2675006.0|
|Kocaeli-41|2004|133050.0|182430.0|34950.0|0.0|709040.0|
||2005|137150.0|172870.0|36230.0|0.0|715710.0|
||2006|134909.0|149710.0|33201.0|0.0|658785.0|
||2007|124017.0|73754.0|29140.0|0.0|682187.0|
||2008|126520.0|83371.0|30523.0|0.0|683945.0|
||2009|128218.0|50426.0|30354.0|0.0|667808.0|
||2010|128291.0|50164.0|34078.0|0.0|664409.0|
||2011|128313.0|53971.0|34383.0|728.3|619349.0|
||2012|129371.0|88314.0|32940.0|27.1|640514.0|
||2013|126783.0|95224.0|32609.0|657.8|596768.0|
||2014|125428.0|96351.0|32748.0|674.0|584160.0|
||2015|126457.0|106368.0|32101.0|583.5|579793.0|
||2016|123806.0|97015.0|31852.0|664.5|571581.0|
||2017|125143.0|82016.0|33556.0|661.0|733320.0|
||2018|125443.0|84311.0|33192.0|672.0|543309.0|
||2019|127472.0|81050.0|32557.0|672.0|551128.0|
||2020|131138.0|67648.0|31381.0|672.0|564362.0|
||2021|131504.0|70015.0|19905.0|634.0|574582.0|
|Konya-42|2004|448640.0|1.222805E7|240530.0|0.0|1.326222E7|
||2005|475630.0|1.180947E7|240110.0|0.0|1.364521E7|
||2006|451127.0|1.1943581E7|233330.0|0.0|1.2973926E7|
||2007|362980.0|8172768.0|229492.0|0.0|1.2642925E7|
||2008|340988.0|8676548.0|230052.0|0.0|1.19212E7|
||2009|400888.0|8619000.0|213011.0|0.0|1.1873955E7|
||2010|357637.0|8064840.0|172418.0|0.0|1.2174314E7|
||2011|389876.0|6132277.0|180584.0|718.0|1.2538905E7|
||2012|386759.0|6768596.0|195798.0|808.3|1.1734637E7|
||2013|385753.0|5865622.0|176516.0|1506.8|1.2649194E7|
||2014|395490.0|5566735.0|193090.0|1671.7|1.29355E7|
||2015|412918.0|5603015.0|207665.0|942.5|1.3015127E7|
||2016|428517.0|4980662.0|232786.0|942.5|1.3993433E7|
||2017|460150.0|4241149.0|260238.0|832.0|1.3892213E7|
||2018|534844.0|3835019.0|300220.0|832.0|1.4197032E7|
||2019|560726.0|3316077.0|282260.0|832.0|1.4607793E7|
||2020|476977.0|3071586.0|308814.0|836.0|1.4732575E7|
||2021|433868.0|3118856.0|328792.0|804.0|1.47046E7|
|Kütahya-43|2004|62270.0|527880.0|71860.0|0.0|2907560.0|
||2005|72300.0|551370.0|70640.0|0.0|3104980.0|
||2006|60414.0|517420.0|68441.0|0.0|2945882.0|
||2007|63081.0|501088.0|69801.0|0.0|2873230.0|
||2008|66324.0|470502.0|70467.0|0.0|2863610.0|
||2009|65493.0|456183.0|67958.0|0.0|2643374.0|
||2010|79528.0|489984.0|71421.0|0.0|2578126.0|
||2011|85707.0|421129.0|74898.0|6.1|2611916.0|
||2012|75366.0|452833.0|65801.0|6.1|2605065.0|
||2013|76755.0|420118.0|64600.0|5.8|2603191.0|
||2014|79633.0|393715.0|64856.0|6.1|2514874.0|
||2015|84928.0|416470.0|66209.0|6.1|2518584.0|
||2016|103965.0|435285.0|72722.0|6.1|2405253.0|
||2017|100519.0|649261.0|71059.0|0.0|2364658.0|
||2018|100068.0|552956.0|66486.0|0.0|2442051.0|
||2019|99298.0|561076.0|65306.0|0.0|2441189.0|
||2020|100327.0|490020.0|64781.0|0.0|2458972.0|
||2021|101148.0|481178.0|60504.0|0.0|2488562.0|
|Malatya-44|2004|747660.0|1025380.0|68850.0|0.0|1787040.0|
||2005|754960.0|1084070.0|66590.0|0.0|1816270.0|
||2006|784391.0|973752.0|61827.0|0.0|1631165.0|
||2007|786115.0|986515.0|54922.0|0.0|1548011.0|
||2008|795091.0|982666.0|50610.0|0.0|1429692.0|
||2009|806453.0|964500.0|47820.0|0.0|1351084.0|
||2010|816808.0|999837.0|48995.0|0.0|1323733.0|
||2011|839387.0|836047.0|59043.0|6.8|1177170.0|
||2012|850673.0|855179.0|55462.0|6.1|1186013.0|
||2013|858642.0|825533.0|53725.0|26.6|1117974.0|
||2014|867243.0|829414.0|55949.0|22.5|1150131.0|
||2015|903374.0|883322.0|51035.0|56.6|1112587.0|
||2016|915865.0|795202.0|49957.0|58.1|1105196.0|
||2017|905760.0|768606.0|44131.0|58.2|1055919.0|
||2018|906480.0|747514.0|42341.0|59.9|1083641.0|
||2019|950411.0|701200.0|44778.0|59.1|1103092.0|
||2020|957184.0|675784.0|45010.0|41.0|1129800.0|
||2021|965396.0|604260.0|43207.0|40.4|1117391.0|
|Manisa-45|2004|1369280.0|76680.0|377500.0|0.0|3003440.0|
||2005|1406500.0|84100.0|376460.0|0.0|3063850.0|
||2006|1580800.0|105686.0|349060.0|0.0|2909260.0|
||2007|1665351.0|139554.0|339101.0|0.0|2819688.0|
||2008|1730659.0|105160.0|364732.0|0.0|2758667.0|
||2009|1760525.0|138002.0|342811.0|0.0|2713885.0|
||2010|1794905.0|131396.0|349263.0|0.0|2547044.0|
||2011|1833959.0|108629.0|337931.0|744.1|2498158.0|
||2012|1857213.0|108843.0|337838.0|741.1|2581090.2|
||2013|1907930.0|119797.0|341932.0|764.1|2628159.0|
||2014|1925796.0|116753.0|337755.0|840.4|2562554.0|
||2015|2008530.0|115557.0|348690.0|868.1|2450666.0|
||2016|2050249.0|118634.0|337342.0|868.1|2418992.0|
||2017|2056172.0|113875.0|334663.0|912.6|2425937.0|
||2018|2136943.0|116013.0|314494.0|924.7|2361062.0|
||2019|2175058.0|122869.0|326057.0|924.7|2326821.0|
||2020|2256492.0|126564.0|350140.0|907.4|2337212.0|
||2021|2335171.0|123983.0|320356.0|903.0|2275726.0|
|Mardin-47|2004|209580.0|439560.0|87840.0|0.0|3091370.0|
||2005|214110.0|466470.0|87550.0|0.0|3158110.0|
||2006|222262.0|311365.0|85853.0|0.0|3026669.0|
||2007|223568.0|307443.0|85568.0|0.0|3066106.0|
||2008|224745.0|565347.0|83342.0|0.0|2820356.0|
||2009|211404.0|528458.0|93162.0|0.0|2777684.0|
||2010|402516.0|105538.0|89186.0|0.0|3010938.0|
||2011|394136.0|128000.0|87960.0|0.0|2614149.0|
||2012|396321.0|125056.0|91605.0|0.0|2612260.0|
||2013|387712.0|58094.0|91290.0|0.0|2686923.0|
||2014|389251.0|57452.0|96505.0|0.0|2774339.0|
||2015|413126.0|65951.0|100360.0|0.0|2702533.0|
||2016|396659.0|72414.0|102720.0|0.0|2565793.0|
||2017|396999.0|53698.0|76860.0|0.0|2603413.0|
||2018|430376.0|48461.0|84303.0|0.0|2581651.0|
||2019|423467.0|53702.0|93996.0|0.0|2520221.0|
||2020|449091.0|56915.0|95324.0|0.0|2538950.0|
||2021|445090.0|57990.0|108655.0|0.0|2562890.0|
|Mersin-33|2004|773260.0|393770.0|366940.0|0.0|2467920.0|
||2005|797490.0|333240.0|343120.0|0.0|2381480.0|
||2006|968322.0|254910.0|358372.0|0.0|2461756.0|
||2007|1068441.0|285416.0|360296.0|0.0|2223822.0|
||2008|1155695.0|266611.0|367395.0|0.0|2060736.0|
||2009|1168751.0|244282.0|367365.0|0.0|2094873.0|
||2010|1166888.0|278536.0|343939.0|0.0|2007225.0|
||2011|1172404.0|260945.0|310475.0|342.6|2389962.0|
||2012|1201107.0|253643.0|310362.0|381.9|2247956.0|
||2013|1209647.0|242700.0|306713.0|510.7|2201986.0|
||2014|1243312.0|214672.0|307659.0|510.7|2082484.0|
||2015|1277297.0|248218.0|304941.0|474.6|1963125.0|
||2016|1290306.0|264686.0|315608.0|531.9|1951936.0|
||2017|1316449.0|256286.0|338174.0|527.3|1784948.0|
||2018|1395072.0|225327.0|328490.0|860.5|1447653.0|
||2019|1471021.0|241230.0|356408.0|839.1|1262236.0|
||2020|1502116.0|248073.0|302681.0|798.2|1242996.0|
||2021|1542480.0|282079.0|310632.0|1054.6|1179029.0|
|Muğla-48|2004|987510.0|31420.0|273870.0|0.0|1137540.0|
||2005|1006460.0|34600.0|274620.0|0.0|1146500.0|
||2006|1078977.0|40705.0|236369.0|0.0|1103318.0|
||2007|1069830.0|44568.0|224552.0|0.0|973354.0|
||2008|1106946.0|72484.0|224140.0|0.0|983548.0|
||2009|1117067.0|86677.0|205443.0|0.0|934776.0|
||2010|1146142.0|85930.0|221786.0|0.0|882915.0|
||2011|1169622.0|91256.0|211119.0|333.8|801494.0|
||2012|1162633.0|144797.0|209027.0|295.3|849740.0|
||2013|1138877.0|162628.0|192140.0|297.8|786146.0|
||2014|1158643.0|159932.0|190884.0|291.5|784352.0|
||2015|1161981.0|166889.0|184431.0|352.4|796207.0|
||2016|1203926.0|181566.0|182251.0|347.5|765743.0|
||2017|1198909.0|153334.0|172180.0|489.6|777537.0|
||2018|1204854.0|137100.0|172020.0|481.6|783903.0|
||2019|1229988.0|142127.0|172418.0|482.6|742435.0|
||2020|1216203.0|160697.0|127915.0|285.0|740411.0|
||2021|1201019.0|79527.0|98773.0|285.0|691111.0|
|Muş-49|2004|4130.0|749810.0|22620.0|0.0|2218310.0|
||2005|3380.0|817700.0|21470.0|0.0|2408550.0|
||2006|2630.0|769240.0|68630.0|0.0|2541793.0|
||2007|4751.0|479780.0|23463.0|0.0|2256730.0|
||2008|5427.0|490724.0|23452.0|0.0|2287171.0|
||2009|5837.0|571666.0|28503.0|0.0|2242726.0|
||2010|7670.0|488007.0|31916.0|0.0|2246601.0|
||2011|8122.0|467922.0|34486.0|0.0|2320902.0|
||2012|8277.0|235586.0|32285.0|0.0|2203636.2|
||2013|8374.0|499887.0|35422.0|0.0|2096900.0|
||2014|8513.0|528719.0|34894.0|0.0|2177840.0|
||2015|8473.0|415425.0|34821.0|0.0|2200957.0|
||2016|9852.0|428150.0|36787.0|0.0|2125752.0|
||2017|10965.0|256154.0|37745.0|0.0|2169094.0|
||2018|12269.0|214211.0|38557.0|0.0|2155611.0|
||2019|13311.0|261392.0|41312.0|0.0|2067458.0|
||2020|13415.0|281530.0|41088.0|0.0|2095225.0|
||2021|13072.0|263111.0|40583.0|0.0|2239601.0|
|Nevşehir-50|2004|252010.0|552500.0|33460.0|0.0|2506620.0|
||2005|247170.0|582500.0|37500.0|0.0|2386010.0|
||2006|246058.0|563210.0|36471.0|0.0|2368495.0|
||2007|252628.0|638572.0|62092.0|0.0|2350916.0|
||2008|250759.0|738334.0|69882.0|0.0|2245626.0|
||2009|250344.0|702950.0|99059.0|0.0|2157167.0|
||2010|242379.0|514699.0|151336.0|0.0|2333179.0|
||2011|215318.0|591798.0|153542.0|0.0|2338240.0|
||2012|218499.0|724643.0|162269.0|0.0|2309867.0|
||2013|218729.0|640894.0|178785.0|0.0|2273806.0|
||2014|218876.0|652311.0|178862.0|0.0|2285774.0|
||2015|219884.0|717064.0|186662.0|0.0|2220360.0|
||2016|220278.0|688558.0|191826.0|0.0|2248724.0|
||2017|223834.0|666854.0|206029.0|0.0|2137971.0|
||2018|230989.0|602090.0|230506.0|0.0|2200385.0|
||2019|227741.0|598913.0|227487.0|0.0|2231702.0|
||2020|232665.0|561049.0|235902.0|0.0|2258107.0|
||2021|234191.0|620925.0|251884.0|0.0|2190889.0|
|Niğde-51|2004|281500.0|732470.0|47290.0|0.0|1669940.0|
||2005|272690.0|729880.0|47420.0|0.0|1658340.0|
||2006|286910.0|697400.0|48570.0|0.0|1649461.0|
||2007|286250.0|688210.0|48490.0|0.0|1628382.0|
||2008|289620.0|755860.0|50480.0|0.0|1542094.0|
||2009|292070.0|758100.0|52940.0|0.0|1536989.0|
||2010|294000.0|727530.0|54490.0|0.0|1594883.0|
||2011|291190.0|725780.0|55510.0|0.0|1624769.0|
||2012|299742.0|809860.0|57861.0|0.0|1735224.0|
||2013|302104.0|795448.0|55340.0|0.0|1626468.0|
||2014|309240.0|819614.0|57080.0|0.0|1600648.0|
||2015|320380.0|782480.0|65920.0|0.0|1614323.0|
||2016|328020.0|754176.0|66810.0|0.0|1580816.0|
||2017|330749.0|722690.0|70410.0|0.0|1601521.0|
||2018|334033.0|719800.0|73950.0|0.0|1603022.0|
||2019|323720.0|732520.0|82200.0|0.0|1614236.0|
||2020|322740.0|675875.0|88319.0|0.0|1670864.0|
||2021|325440.0|671200.0|91764.0|0.0|1669450.0|
|Ordu-52|2004|2168470.0|0.0|17850.0|0.0|611750.0|
||2005|2135870.0|0.0|15510.0|0.0|528750.0|
||2006|2218551.0|0.0|12238.0|0.0|386989.0|
||2007|2219465.0|62226.0|19068.0|0.0|352080.0|
||2008|2146203.0|62226.0|18099.0|0.0|378775.0|
||2009|1967964.0|63226.0|13111.0|0.0|319037.0|
||2010|2011319.0|40025.0|12962.0|0.0|278075.0|
||2011|2276750.0|40050.0|12958.0|2.0|266490.0|
||2012|2276299.0|39900.0|13458.0|5.0|249514.0|
||2013|2277417.0|41604.0|11836.0|35.5|227394.0|
||2014|2277326.0|52930.0|12780.0|44.9|216010.0|
||2015|2277402.0|102053.0|13083.0|15.8|160419.0|
||2016|2276526.0|105041.0|13223.0|11.4|143089.0|
||2017|2276889.0|50.0|13089.0|7.8|137156.0|
||2018|2277214.0|104050.0|13071.0|7.8|133398.0|
||2019|2279742.0|104050.0|12995.0|3.5|131510.0|
||2020|2279003.0|62000.0|13250.0|6.0|173509.0|
||2021|2280073.0|62000.0|13802.0|6.0|226783.0|
|Osmaniye-80|2004|65360.0|1200.0|48120.0|0.0|1447130.0|
||2005|68650.0|1070.0|81610.0|0.0|1454060.0|
||2006|97555.0|0.0|43300.0|0.0|1405000.0|
||2007|106117.0|3777.0|44978.0|0.0|1360733.0|
||2008|121507.0|1763.0|47119.0|0.0|1321301.0|
||2009|125513.0|760.0|46353.0|0.0|1250225.0|
||2010|132234.0|472.0|43530.0|0.0|1488146.0|
||2011|132840.0|1300.0|45350.0|0.0|974145.0|
||2012|122442.0|1905.0|44681.0|0.0|1040023.0|
||2013|157469.0|3056.0|36613.0|0.0|951940.0|
||2014|157977.0|7339.0|34337.0|0.0|997722.0|
||2015|163259.0|8311.0|36085.0|0.0|966073.0|
||2016|168850.0|5098.0|35500.0|5.0|985800.0|
||2017|170111.0|5040.0|75947.0|5.0|970981.0|
||2018|178491.0|6831.0|76797.0|5.0|948567.0|
||2019|182215.0|6317.0|80092.0|16.0|948886.0|
||2020|193236.0|6610.0|42033.0|30.0|948652.0|
||2021|200744.0|9215.0|26129.0|39.0|996933.0|
|Rize-53|2004|532550.0|0.0|5050.0|0.0|7390.0|
||2005|533020.0|0.0|4900.0|0.0|8300.0|
||2006|533120.0|0.0|4432.0|0.0|6208.0|
||2007|523228.0|0.0|4237.0|0.0|6791.0|
||2008|536523.0|0.0|3922.0|0.0|6754.0|
||2009|537081.0|0.0|3819.0|0.0|7152.0|
||2010|537191.0|0.0|3806.0|0.0|5671.0|
||2011|537379.0|0.0|3573.0|51.7|4457.0|
||2012|537008.0|0.0|3516.0|47.8|4560.0|
||2013|542368.0|0.0|3502.0|51.7|3932.0|
||2014|538808.0|0.0|3312.0|47.8|3730.0|
||2015|538239.0|0.0|2881.0|47.8|2895.0|
||2016|529158.0|0.0|2832.0|47.8|2827.0|
||2017|586667.0|0.0|2885.0|47.8|2822.0|
||2018|553794.0|0.0|2881.0|47.8|2493.0|
||2019|555711.0|0.0|2874.0|47.8|2214.0|
||2020|550569.0|0.0|3085.0|48.1|2258.0|
||2021|576539.0|0.0|3032.0|48.1|2234.0|
|Sakarya-54|2004|779760.0|33000.0|109300.0|0.0|1039410.0|
||2005|783180.0|27000.0|104210.0|0.0|1041570.0|
||2006|809768.0|33000.0|96779.0|0.0|997155.0|
||2007|793674.0|0.0|99068.0|0.0|932653.0|
||2008|803339.0|405.0|100360.0|0.0|969088.0|
||2009|810159.0|3190.0|92770.0|0.0|978251.0|
||2010|802454.0|3027.0|82453.0|0.0|894628.0|
||2011|803403.0|1200.0|87330.0|13075.2|834466.0|
||2012|805680.0|17700.0|79117.0|11355.9|905460.0|
||2013|837001.0|16929.0|85469.0|12543.5|858841.0|
||2014|837578.0|27419.0|85890.0|12601.2|841859.0|
||2015|848596.0|1276.0|82749.0|10517.2|798816.0|
||2016|866882.0|1692.0|80637.0|10689.6|729616.0|
||2017|871464.0|1072.0|81182.0|10995.8|734061.0|
||2018|883750.0|1076.0|78275.0|10806.2|699144.0|
||2019|904983.0|888.0|77557.0|10753.5|682705.0|
||2020|915309.0|9053.0|76599.0|11177.7|688114.0|
||2021|957811.0|6983.0|73841.0|10527.8|729854.0|
|Samsun-55|2004|864280.0|122440.0|393850.0|0.0|2947110.0|
||2005|904950.0|108640.0|386790.0|0.0|2924840.0|
||2006|914785.0|128025.0|287445.0|0.0|2916547.0|
||2007|939696.0|113812.0|293557.0|0.0|2653541.0|
||2008|965237.0|130207.0|312637.0|0.0|2672426.0|
||2009|944526.0|142842.0|319455.0|0.0|2510039.0|
||2010|920745.0|160471.0|337885.0|0.0|2373564.0|
||2011|922385.0|156036.0|335376.0|599.9|2281724.0|
||2012|924403.0|200574.0|343932.0|622.9|2329401.0|
||2013|935683.0|191132.0|331581.0|651.2|2223052.0|
||2014|935175.0|196832.0|322356.0|635.4|2306580.0|
||2015|942591.0|201878.0|329334.0|636.8|2278691.0|
||2016|973286.0|215255.0|289082.0|637.7|2290188.0|
||2017|972459.0|205720.0|275318.0|634.0|2298318.0|
||2018|1178314.0|205753.0|167336.0|634.0|2198381.0|
||2019|1195570.0|213429.0|155471.0|639.7|2178619.0|
||2020|1194766.0|164734.0|147298.0|629.9|2242423.0|
||2021|1197963.0|219965.0|145096.0|627.6|2177285.0|
|Şanlıurfa-63|2004|1047320.0|1091850.0|209310.0|0.0|9619590.0|
||2005|1046980.0|1079250.0|209220.0|0.0|9524330.0|
||2006|1051562.0|1079300.0|209997.0|0.0|9130672.0|
||2007|1077302.0|1079300.0|212977.0|0.0|8899462.0|
||2008|1095294.0|1189606.0|226947.0|0.0|8981595.0|
||2009|1045314.0|1052736.0|202905.0|0.0|9526814.0|
||2010|1037615.0|1423814.0|178284.0|0.0|9951744.0|
||2011|1107424.0|1828019.0|186093.0|122.2|8322734.0|
||2012|1146664.0|1506052.0|205917.0|107.0|7860865.0|
||2013|1148097.0|1875700.0|201793.0|10.0|8974899.0|
||2014|1146839.0|1627989.0|203148.0|20.0|8837904.0|
||2015|1230508.0|1549086.0|204450.0|45.0|8830851.0|
||2016|1409477.0|1544997.0|196550.0|25.0|8401216.0|
||2017|1434406.0|970738.0|200351.0|25.0|8474233.0|
||2018|1573572.0|856066.0|201977.0|25.0|7912076.0|
||2019|1604859.0|1683737.0|194232.0|25.0|7246399.0|
||2020|1653100.0|1486463.0|118224.0|25.0|7238866.0|
||2021|1681118.0|1389027.0|116192.0|25.0|7258000.0|
|Siirt-56|2004|116000.0|150900.0|19420.0|0.0|484770.0|
||2005|332330.0|150900.0|17950.0|0.0|582990.0|
||2006|337021.0|23050.0|16998.0|0.0|804312.0|
||2007|319017.0|13970.0|18431.0|0.0|686139.0|
||2008|327151.0|15600.0|20205.0|0.0|783539.0|
||2009|235183.0|16250.0|15065.0|0.0|972267.0|
||2010|238622.0|6330.0|16701.0|0.0|704252.0|
||2011|240176.0|10498.0|15152.0|0.0|570572.0|
||2012|266322.0|7416.0|16862.0|0.0|624166.0|
||2013|219656.0|8219.0|18612.0|0.0|570509.0|
||2014|223299.0|14854.0|20168.0|0.0|525573.0|
||2015|223875.0|92251.0|15868.0|0.0|517451.0|
||2016|232960.0|115332.0|22619.0|0.0|516592.0|
||2017|220627.0|57334.0|21542.0|0.0|536542.0|
||2018|317890.0|50153.0|18607.0|0.0|508668.0|
||2019|322957.0|53637.0|18651.0|0.0|503703.0|
||2020|363730.0|20740.0|14903.0|0.0|536514.0|
||2021|377609.0|1565.0|10820.0|0.0|563309.0|
|Sinop-57|2004|24610.0|338170.0|44410.0|0.0|758240.0|
||2005|23000.0|363680.0|43100.0|0.0|755890.0|
||2006|21222.0|311200.0|39682.0|0.0|679385.0|
||2007|28070.0|277727.0|36472.0|0.0|695586.0|
||2008|28785.0|288472.0|34045.0|0.0|696073.0|
||2009|28773.0|289808.0|33240.0|0.0|635521.0|
||2010|28092.0|291261.0|30490.0|0.0|573927.0|
||2011|28978.0|303211.0|28518.0|0.0|522548.0|
||2012|28944.0|297188.0|30770.0|0.0|549327.0|
||2013|29729.0|327516.0|31211.0|0.0|543151.0|
||2014|29773.0|347666.0|31240.0|0.0|510370.0|
||2015|30066.0|302564.0|30631.0|0.0|463708.0|
||2016|29889.0|279098.0|30391.0|0.0|451021.0|
||2017|29916.0|267000.0|30359.0|0.0|451857.0|
||2018|30154.0|265000.0|30225.0|0.0|442202.0|
||2019|30267.0|260600.0|30559.0|0.0|441722.0|
||2020|30378.0|260600.0|30347.0|0.0|446060.0|
||2021|30662.0|258350.0|30042.0|0.0|446547.0|
|Şırnak-73|2004|19490.0|22470.0|16610.0|0.0|1050430.0|
||2005|19500.0|35250.0|16170.0|0.0|990120.0|
||2006|19840.0|33700.0|10625.0|0.0|704505.0|
||2007|21289.0|42500.0|9120.0|0.0|986318.0|
||2008|4421.0|43986.0|5783.0|0.0|937101.0|
||2009|14193.0|42200.0|13290.0|0.0|1096696.0|
||2010|16022.0|32761.0|6234.0|0.0|983012.0|
||2011|16453.0|36082.0|4978.0|0.0|949119.0|
||2012|18264.0|44017.0|6273.0|0.0|884576.0|
||2013|19815.0|42021.0|8016.0|0.0|943231.0|
||2014|20764.0|42362.0|8999.0|0.0|930037.0|
||2015|22949.0|44623.0|9951.0|0.0|867102.0|
||2016|23306.0|27370.0|9815.0|0.0|718347.0|
||2017|38807.0|77510.0|13212.0|0.0|938076.0|
||2018|45825.0|76250.0|12130.0|0.0|932143.0|
||2019|46439.0|77296.0|11921.0|0.0|940088.0|
||2020|49166.0|91910.0|11618.0|0.0|914744.0|
||2021|49654.0|101906.0|12634.0|0.0|900821.0|
|Sivas-58|2004|59990.0|2966000.0|17780.0|0.0|4912080.0|
||2005|59150.0|2851500.0|18380.0|0.0|5087760.0|
||2006|66404.0|2191150.0|15956.0|0.0|4870555.0|
||2007|24927.0|2125500.0|8782.0|0.0|4638313.0|
||2008|24545.0|1568000.0|6578.0|0.0|3929484.0|
||2009|24251.0|5730489.0|7442.0|0.0|4831398.0|
||2010|27079.0|4802677.0|7015.0|0.0|4751984.0|
||2011|26062.0|3082787.0|8977.0|0.0|4180449.0|
||2012|26297.0|3082787.0|9647.0|0.0|4599918.0|
||2013|28875.0|3256575.0|7993.0|0.0|4688868.0|
||2014|27321.0|3138246.0|7758.0|0.0|4913940.0|
||2015|26397.0|3142424.0|9273.0|0.0|5028047.0|
||2016|34985.0|3188469.0|11248.0|0.0|4776724.0|
||2017|37355.0|3109816.0|9195.0|0.0|4781370.0|
||2018|40181.0|2986122.0|14126.0|0.0|4771164.0|
||2019|40801.0|3023671.0|10492.0|0.0|4836627.0|
||2020|43698.0|2841669.0|10851.0|0.0|4984829.0|
||2021|48215.0|2714879.0|20128.0|0.0|5043023.0|
|Tekirdağ-59|2004|91840.0|0.0|102940.0|0.0|3667750.0|
||2005|85110.0|50.0|87390.0|0.0|3694190.0|
||2006|91704.0|0.0|79918.0|0.0|3608243.0|
||2007|92031.0|0.0|83242.0|0.0|3403202.0|
||2008|92473.0|0.0|71933.0|0.0|3496719.0|
||2009|92699.0|0.0|66186.0|0.0|3399827.0|
||2010|98528.0|765.0|58338.0|0.0|3446773.0|
||2011|98607.0|565.0|59881.0|34.4|3415027.0|
||2012|95746.0|700.0|53121.0|16.7|3079715.0|
||2013|96889.0|1042.0|51318.0|34.5|3058868.0|
||2014|98595.0|1188.0|51150.0|45.5|3345653.0|
||2015|100664.0|723.0|45573.0|55.4|3675735.0|
||2016|108891.0|364.0|44500.0|65.4|3852707.0|
||2017|109135.0|0.0|43682.0|85.4|3813813.0|
||2018|114977.0|0.0|34064.0|100.4|3822204.0|
||2019|121460.0|0.0|31472.0|100.4|3758691.0|
||2020|115812.0|0.0|29769.0|100.5|3782269.0|
||2021|115568.0|0.0|29104.0|120.0|4009207.0|
|Tokat-60|2004|142940.0|212840.0|198550.0|0.0|2557670.0|
||2005|141800.0|218330.0|227880.0|0.0|2551260.0|
||2006|149198.0|241852.0|222364.0|0.0|2423044.0|
||2007|162627.0|260027.0|212726.0|0.0|2397745.0|
||2008|141079.0|281894.0|199410.0|0.0|2392314.0|
||2009|141109.0|294952.0|199450.0|0.0|2349000.0|
||2010|143491.0|292856.0|195125.0|0.0|2410323.0|
||2011|144565.0|307796.0|203021.0|419.8|2433113.0|
||2012|147916.0|337175.0|211708.0|395.1|2460482.7|
||2013|145889.0|327108.0|196917.0|379.9|2369020.0|
||2014|147351.0|348328.0|201500.0|349.4|2431893.0|
||2015|146660.0|359374.0|200926.0|376.4|2384324.0|
||2016|149420.0|355054.0|187548.0|360.9|2326531.0|
||2017|142349.0|364499.0|187002.0|435.9|2372998.0|
||2018|144679.0|359643.0|175397.0|426.0|2340178.0|
||2019|149058.0|371994.0|175640.0|426.5|2374597.0|
||2020|162450.0|328425.0|176329.0|331.9|2421874.0|
||2021|172950.0|311390.0|155249.0|421.9|2516170.0|
|Trabzon-61|2004|665650.0|0.0|24330.0|0.0|331020.0|
||2005|665570.0|0.0|25250.0|0.0|329480.0|
||2006|645118.0|0.0|24973.0|0.0|325286.0|
||2007|690728.0|0.0|24604.0|0.0|290348.0|
||2008|688155.0|0.0|24480.0|0.0|307657.0|
||2009|707808.0|0.0|25833.0|0.0|284611.0|
||2010|788172.0|0.0|26838.0|0.0|226934.0|
||2011|803245.0|0.0|27238.0|32.0|218856.0|
||2012|806042.0|0.0|27676.0|32.0|207864.0|
||2013|816997.0|0.0|27859.0|32.0|152648.0|
||2014|816125.0|0.0|27736.0|15.0|134827.0|
||2015|817071.0|0.0|27057.0|15.0|119640.0|
||2016|819081.0|0.0|25535.0|15.0|136582.0|
||2017|815288.0|0.0|25541.0|10.0|130620.0|
||2018|809052.0|0.0|25041.0|0.0|118522.0|
||2019|810588.0|0.0|23946.0|0.0|109717.0|
||2020|811753.0|70.0|24670.0|0.0|115481.0|
||2021|817380.0|0.0|25384.0|0.0|113512.0|
|Tunceli-62|2004|13860.0|201700.0|4910.0|0.0|380020.0|
||2005|17390.0|304310.0|5520.0|0.0|389220.0|
||2006|15579.0|307364.0|10979.0|0.0|394385.0|
||2007|10987.0|108435.0|5535.0|0.0|329582.0|
||2008|17257.0|489480.0|6013.0|0.0|337647.0|
||2009|17663.0|142988.0|5812.0|0.0|395001.0|
||2010|19381.0|137290.0|3393.0|0.0|367306.0|
||2011|21394.0|167103.0|4091.0|0.0|338535.0|
||2012|21887.0|190214.0|4425.0|0.0|345702.0|
||2013|22023.0|268682.0|4351.0|0.0|322027.0|
||2014|22306.0|273547.0|4053.0|0.0|318005.0|
||2015|22306.0|319007.0|4064.0|0.0|304547.0|
||2016|22337.0|284384.0|4341.0|0.0|281090.0|
||2017|22586.0|186151.0|4573.0|0.0|288971.0|
||2018|23202.0|193329.0|4557.0|0.0|288434.0|
||2019|23839.0|157347.0|4718.0|0.0|296080.0|
||2020|26711.0|158407.0|5227.0|0.0|293690.0|
||2021|26891.0|152337.0|4584.0|0.0|297808.0|
|Uşak-64|2004|76850.0|82520.0|72580.0|0.0|2039680.0|
||2005|75980.0|80860.0|69200.0|0.0|2086820.0|
||2006|66535.0|87498.0|74570.0|0.0|1943717.0|
||2007|78237.0|96700.0|70947.0|0.0|1916273.0|
||2008|80044.0|16394.0|72241.0|0.0|1863349.0|
||2009|80471.0|24100.0|71845.0|0.0|1907269.0|
||2010|81052.0|14578.0|67188.0|0.0|2041190.0|
||2011|80748.0|6240.0|68069.0|0.0|2104174.0|
||2012|84024.0|7587.0|71598.0|0.0|2142058.0|
||2013|86067.0|10172.0|71919.0|0.0|2141600.0|
||2014|85720.0|14311.0|72804.0|0.0|2064065.0|
||2015|80273.0|14803.0|74096.0|0.0|2066992.0|
||2016|92965.0|22175.0|74244.0|0.0|1981063.0|
||2017|92440.0|27366.0|74189.0|0.0|1889730.0|
||2018|88659.0|30021.0|71373.0|0.0|1975519.0|
||2019|99201.0|28217.0|72620.0|0.0|1996943.0|
||2020|102837.0|40434.0|75004.0|0.0|2001829.0|
||2021|122937.0|37254.0|76385.0|0.0|2025246.0|
|Van-65|2004|35760.0|832490.0|17640.0|0.0|2128000.0|
||2005|38100.0|832490.0|16810.0|0.0|2186410.0|
||2006|37374.0|748727.0|13454.0|0.0|2262669.0|
||2007|39442.0|748727.0|13012.0|0.0|2359654.0|
||2008|41452.0|743289.0|12954.0|0.0|2096788.0|
||2009|43221.0|608512.0|13366.0|0.0|2010584.0|
||2010|39761.0|775880.0|12675.0|0.0|2204170.0|
||2011|41396.0|1142990.0|13746.0|0.0|2012944.0|
||2012|44077.0|1145843.0|13226.0|0.0|2203575.0|
||2013|45145.0|1129653.0|17619.0|0.0|2084882.0|
||2014|50009.0|1090793.0|16409.0|0.0|2146104.0|
||2015|52643.0|1039573.0|17435.0|0.0|2113995.0|
||2016|54233.0|977526.0|17808.0|0.0|2131177.0|
||2017|56630.0|852710.0|22588.0|0.0|2219269.0|
||2018|57427.0|1018025.0|22616.0|0.0|1801447.0|
||2019|58326.0|1011139.0|23570.0|0.0|1832762.0|
||2020|59060.0|861050.0|24379.0|0.0|1947792.0|
||2021|62699.0|791921.0|28317.0|0.0|2805679.0|
|Yalova-77|2004|66010.0|39610.0|6740.0|0.0|39480.0|
||2005|66060.0|15940.0|6980.0|0.0|50620.0|
||2006|62280.0|16907.0|6630.0|0.0|35223.0|
||2007|61382.0|17061.0|7761.0|0.0|29405.0|
||2008|58601.0|18861.0|8411.0|0.0|29780.0|
||2009|74833.0|10576.0|8146.0|0.0|30380.0|
||2010|81124.0|21485.0|8565.0|0.0|32514.0|
||2011|81315.0|18747.0|8517.0|3539.8|42052.0|
||2012|80700.0|13784.0|9013.0|9660.9|14813.0|
||2013|63358.0|15790.0|8526.0|2709.9|38910.0|
||2014|62747.0|21917.0|6585.0|2773.2|38577.0|
||2015|62587.0|22998.0|6458.0|2772.8|37717.0|
||2016|59757.0|11120.0|6465.0|2739.8|27081.0|
||2017|57310.0|13302.0|6444.0|3208.9|36443.0|
||2018|53890.0|13489.0|5875.0|3559.9|36007.0|
||2019|54056.0|14276.0|5640.0|3794.7|40175.0|
||2020|52037.0|14499.0|5649.0|3831.2|39014.0|
||2021|52154.0|9981.0|5920.0|3678.8|45705.0|
|Yozgat-66|2004|77250.0|2375570.0|90800.0|0.0|5453790.0|
||2005|73970.0|2463110.0|76330.0|0.0|5056220.0|
||2006|73500.0|2349662.0|47191.0|0.0|5007836.0|
||2007|70007.0|2125777.0|43443.0|0.0|5072676.0|
||2008|65341.0|2165534.0|41113.0|0.0|4997699.0|
||2009|62742.0|1641220.0|26408.0|0.0|4722785.0|
||2010|58611.0|2397402.0|37031.0|0.0|4902530.0|
||2011|62205.0|2683604.0|42994.0|0.0|4704445.0|
||2012|61855.0|2288115.0|31391.0|0.0|4604621.0|
||2013|77328.0|1576087.0|28597.0|0.0|4309410.0|
||2014|122612.0|1601843.0|27369.0|0.0|4537685.0|
||2015|122775.0|1661601.0|27655.0|0.0|4468413.0|
||2016|79070.0|1543318.0|32483.0|0.0|4402174.0|
||2017|58695.0|1436348.0|34447.0|0.0|4451098.0|
||2018|56529.0|1441059.0|32792.0|0.0|4578981.0|
||2019|55851.0|1340525.0|28369.0|0.0|4723646.0|
||2020|51480.0|1212705.0|28710.0|0.0|4937034.0|
||2021|53329.0|1252338.0|31075.0|0.0|4793582.0|
|Zonguldak-67|2004|261870.0|24930.0|32350.0|0.0|474840.0|
||2005|262110.0|26220.0|31880.0|0.0|475490.0|
||2006|258003.0|26400.0|24255.0|0.0|391514.0|
||2007|249241.0|0.0|24060.0|0.0|365829.0|
||2008|250321.0|0.0|24153.0|0.0|387627.0|
||2009|250671.0|6387.0|24068.0|0.0|405584.0|
||2010|250674.0|1190.0|24215.0|0.0|347779.0|
||2011|250587.0|8097.0|29463.0|0.4|273988.0|
||2012|250313.0|8097.0|29518.0|0.0|297125.0|
||2013|252068.0|8411.0|29727.0|0.5|268074.0|
||2014|252225.0|8309.0|29795.0|0.5|258582.0|
||2015|252206.0|7829.0|29642.0|0.4|246182.0|
||2016|256858.0|8317.0|30300.0|0.4|236960.0|
||2017|259009.0|8678.0|30541.0|0.4|229833.0|
||2018|262603.0|5812.0|30465.0|0.4|219336.0|
||2019|280392.0|5842.0|29583.0|0.4|167387.0|
||2020|281575.0|11950.0|29965.0|0.5|162952.0|
||2021|278033.0|8430.0|26595.0|0.5|92595.0|
||||||||
